img_path,timestamp,flow_rate,feed_rate,z_offset,target_hotend,hotend,bed,nozzle_tip_x,nozzle_tip_y,img_num,print_id,flow_rate_class,feed_rate_class,z_offset_class,hotend_class,img_mean,img_std,threshold
C:/FYP/full_dataset/print1/image-6.jpg,2020-10-02T09:43:56-03,100,100,0.0,205.0,203.47,64.9,434,514,5,1,1,1,1,1,36.13096028645833,46.708494148016,278.0
C:/FYP/full_dataset/print1/image-7.jpg,2020-10-02T09:43:56-50,100,100,0.0,205.0,203.47,64.9,434,514,6,1,1,1,1,1,42.48265625,50.32286744867423,278.0
C:/FYP/full_dataset/print1/image-8.jpg,2020-10-02T09:43:56-96,100,100,0.0,205.0,203.47,64.9,434,514,7,1,1,1,1,1,37.23466796875,49.86720793305148,278.0
C:/FYP/full_dataset/print1/image-9.jpg,2020-10-02T09:43:57-43,100,100,0.0,205.0,203.44,64.75,434,514,8,1,1,1,1,1,36.93891927083333,50.725929350455885,278.0
C:/FYP/full_dataset/print1/image-10.jpg,2020-10-02T09:43:57-90,100,100,0.0,205.0,203.44,64.75,434,514,9,1,1,1,1,1,36.490107421875,49.60829299792674,278.0
C:/FYP/full_dataset/print1/image-11.jpg,2020-10-02T09:43:58-36,100,100,0.0,205.0,203.44,64.75,434,514,10,1,1,1,1,1,39.218525390625,48.87770030544036,278.0
C:/FYP/full_dataset/print1/image-12.jpg,2020-10-02T09:43:59-02,100,100,0.0,205.0,203.44,64.75,434,514,11,1,1,1,1,1,34.46391927083334,45.17190011677779,278.0
C:/FYP/full_dataset/print1/image-13.jpg,2020-10-02T09:43:59-49,100,100,0.0,205.0,203.37,64.64,434,514,12,1,1,1,1,1,34.84961263020833,46.76700751986347,278.0
C:/FYP/full_dataset/print1/image-14.jpg,2020-10-02T09:43:59-95,100,100,0.0,205.0,203.37,64.64,434,514,13,1,1,1,1,1,41.280514322916666,52.961781404888775,278.0
C:/FYP/full_dataset/print1/image-15.jpg,2020-10-02T09:44:00-42,100,100,0.0,205.0,203.37,64.64,434,514,14,1,1,1,1,1,43.82531575520834,53.853548722660754,278.0
C:/FYP/full_dataset/print1/image-16.jpg,2020-10-02T09:44:00-88,100,100,0.0,205.0,203.37,64.64,434,514,15,1,1,1,1,1,51.18107747395833,47.76064222740799,278.0
C:/FYP/full_dataset/print1/image-17.jpg,2020-10-02T09:44:01-35,100,100,0.0,205.0,203.37,64.64,434,514,16,1,1,1,1,1,49.26309895833333,50.09610371139779,278.0
C:/FYP/full_dataset/print1/image-18.jpg,2020-10-02T09:44:01-81,100,100,0.0,205.0,203.51,64.78,434,514,17,1,1,1,1,1,47.21915690104166,59.131401065741,278.0
C:/FYP/full_dataset/print1/image-19.jpg,2020-10-02T09:44:02-28,100,100,0.0,205.0,203.51,64.78,434,514,18,1,1,1,1,1,46.68196940104167,57.42821520350429,278.0
C:/FYP/full_dataset/print1/image-20.jpg,2020-10-02T09:44:02-74,100,100,0.0,205.0,203.51,64.78,434,514,19,1,1,1,1,1,54.040419921875,52.422049804286,278.0
C:/FYP/full_dataset/print1/image-21.jpg,2020-10-02T09:44:03-21,100,100,0.0,205.0,203.51,64.78,434,514,20,1,1,1,1,1,38.4323828125,46.98274739642153,278.0
C:/FYP/full_dataset/print1/image-22.jpg,2020-10-02T09:44:03-67,100,100,0.0,205.0,204.13,65.03,434,514,21,1,1,1,1,1,40.450533854166665,51.18577118291761,278.0
C:/FYP/full_dataset/print1/image-23.jpg,2020-10-02T09:44:04-13,100,100,0.0,205.0,204.13,65.03,434,514,22,1,1,1,1,1,41.34240234375,51.15963782011162,278.0
C:/FYP/full_dataset/print1/image-24.jpg,2020-10-02T09:44:04-60,100,100,0.0,205.0,204.13,65.03,434,514,23,1,1,1,1,1,52.77231119791666,54.25927256341989,278.0
C:/FYP/full_dataset/print1/image-25.jpg,2020-10-02T09:44:05-07,100,100,0.0,205.0,204.13,65.03,434,514,24,1,1,1,1,1,40.75425455729167,45.72555197390199,278.0
C:/FYP/full_dataset/print1/image-26.jpg,2020-10-02T09:44:05-53,100,100,0.0,205.0,204.69,65.06,434,514,25,1,1,1,1,1,51.35245768229166,59.17232840367532,278.0
C:/FYP/full_dataset/print1/image-27.jpg,2020-10-02T09:44:05-99,100,100,0.0,205.0,204.69,65.06,434,514,26,1,1,1,1,1,52.58375,60.13472318512893,278.0
C:/FYP/full_dataset/print1/image-28.jpg,2020-10-02T09:44:06-46,100,100,0.0,205.0,204.69,65.06,434,514,27,1,1,1,1,1,51.35686848958333,59.60654251427558,278.0
C:/FYP/full_dataset/print1/image-29.jpg,2020-10-02T09:44:06-92,100,100,0.0,205.0,204.69,65.06,434,514,28,1,1,1,1,1,53.85081380208333,58.68366275828692,278.0
C:/FYP/full_dataset/print1/image-30.jpg,2020-10-02T09:44:07-39,100,100,0.0,205.0,204.69,65.06,434,514,29,1,1,1,1,1,50.05122721354167,56.11121254525368,278.0
C:/FYP/full_dataset/print1/image-31.jpg,2020-10-02T09:44:07-85,100,100,0.0,205.0,205.43,64.97,434,514,30,1,1,1,1,1,41.778974609375,50.45679862351545,278.0
C:/FYP/full_dataset/print1/image-32.jpg,2020-10-02T09:44:08-32,100,100,0.0,205.0,205.43,64.97,434,514,31,1,1,1,1,1,42.32628580729167,51.58996546733598,278.0
C:/FYP/full_dataset/print1/image-33.jpg,2020-10-02T09:44:08-78,100,100,0.0,205.0,205.43,64.97,434,514,32,1,1,1,1,1,43.77350260416666,52.35248951640311,278.0
C:/FYP/full_dataset/print1/image-34.jpg,2020-10-02T09:44:09-25,100,100,0.0,205.0,205.43,64.97,434,514,33,1,1,1,1,1,54.70890299479166,60.98354861753031,278.0
C:/FYP/full_dataset/print1/image-35.jpg,2020-10-02T09:44:09-71,100,100,0.0,205.0,205.98,64.77,434,514,34,1,1,1,1,1,43.57098307291667,51.45543936309544,278.0
C:/FYP/full_dataset/print1/image-36.jpg,2020-10-02T09:44:10-17,100,100,0.0,205.0,205.98,64.77,434,514,35,1,1,1,1,1,49.915732421875,55.34490580753634,278.0
C:/FYP/full_dataset/print1/image-37.jpg,2020-10-02T09:44:10-64,100,100,0.0,205.0,205.98,64.77,434,514,36,1,1,1,1,1,50.202783203125,52.47612411640005,278.0
C:/FYP/full_dataset/print1/image-38.jpg,2020-10-02T09:44:11-11,100,100,0.0,205.0,205.98,64.77,434,514,37,1,1,1,1,1,52.57824869791666,52.44823734978715,278.0
C:/FYP/full_dataset/print1/image-39.jpg,2020-10-02T09:44:11-57,100,100,0.0,205.0,206.41,64.98,434,514,38,1,1,1,1,1,51.95486979166667,51.92978909851625,278.0
C:/FYP/full_dataset/print1/image-40.jpg,2020-10-02T09:44:12-03,100,100,0.0,205.0,206.41,64.98,434,514,39,1,1,1,1,1,61.232109375,56.24440902981412,278.0
C:/FYP/full_dataset/print1/image-41.jpg,2020-10-02T09:44:12-50,100,100,0.0,205.0,206.41,64.98,434,514,40,1,1,1,1,1,58.16419270833333,54.51113962152933,278.0
C:/FYP/full_dataset/print1/image-42.jpg,2020-10-02T09:44:12-96,100,100,0.0,205.0,206.41,64.98,434,514,41,1,1,1,1,1,63.57529296875,55.0473182010269,278.0
C:/FYP/full_dataset/print1/image-43.jpg,2020-10-02T09:44:13-43,100,100,0.0,205.0,206.76,65.17,434,514,42,1,1,1,1,1,57.95841471354166,53.28339266671566,278.0
C:/FYP/full_dataset/print1/image-44.jpg,2020-10-02T09:44:13-89,100,100,0.0,205.0,206.76,65.17,434,514,43,1,1,1,1,1,66.24235026041667,55.5815648248817,278.0
C:/FYP/full_dataset/print1/image-45.jpg,2020-10-02T09:44:14-36,100,100,0.0,205.0,206.76,65.17,434,514,44,1,1,1,1,1,61.84255533854167,51.725996970680704,278.0
C:/FYP/full_dataset/print1/image-46.jpg,2020-10-02T09:44:14-82,100,100,0.0,205.0,206.76,65.17,434,514,45,1,1,1,1,1,68.15561848958333,54.26931385336346,278.0
C:/FYP/full_dataset/print1/image-47.jpg,2020-10-02T09:44:15-29,100,100,0.0,205.0,206.76,65.17,434,514,46,1,1,1,1,1,70.65682942708334,47.58052851317754,278.0
C:/FYP/full_dataset/print1/image-48.jpg,2020-10-02T09:44:15-75,100,100,0.0,205.0,206.76,65.28,434,514,47,1,1,1,1,1,71.01359049479167,53.47434506632513,278.0
C:/FYP/full_dataset/print1/image-49.jpg,2020-10-02T09:44:16-22,100,100,0.0,205.0,206.76,65.28,434,514,48,1,1,1,1,1,73.85995768229166,42.89606793178864,278.0
C:/FYP/full_dataset/print1/image-65.jpg,2020-10-02T09:44:23-65,149,54,0.0,207.0,205.31,64.62,434,514,64,1,2,0,1,1,66.37836588541667,50.66750816378861,278.0
C:/FYP/full_dataset/print1/image-66.jpg,2020-10-02T09:44:24-12,149,54,0.0,207.0,205.31,64.62,434,514,65,1,2,0,1,1,68.45259765625,56.16836760975782,278.0
C:/FYP/full_dataset/print1/image-67.jpg,2020-10-02T09:44:24-58,149,54,0.0,207.0,205.31,64.62,434,514,66,1,2,0,1,1,65.76365885416666,55.58664415800079,278.0
C:/FYP/full_dataset/print1/image-68.jpg,2020-10-02T09:44:25-04,149,54,0.0,207.0,205.31,64.62,434,514,67,1,2,0,1,1,71.13685546875,48.66752285659647,278.0
C:/FYP/full_dataset/print1/image-69.jpg,2020-10-02T09:44:25-51,149,54,0.0,207.0,205.51,64.59,434,514,68,1,2,0,1,1,66.26346354166667,55.58760096669982,278.0
C:/FYP/full_dataset/print1/image-70.jpg,2020-10-02T09:44:25-97,149,54,0.0,207.0,205.51,64.59,434,514,69,1,2,0,1,1,72.62590169270834,55.54166687668688,278.0
C:/FYP/full_dataset/print1/image-71.jpg,2020-10-02T09:44:26-44,149,54,0.0,207.0,205.51,64.59,434,514,70,1,2,0,1,1,61.48438802083334,53.91966750663921,278.0
C:/FYP/full_dataset/print1/image-72.jpg,2020-10-02T09:44:26-90,149,54,0.0,207.0,205.51,64.59,434,514,71,1,2,0,1,1,73.76063802083333,51.90916568280207,278.0
C:/FYP/full_dataset/print1/image-73.jpg,2020-10-02T09:44:27-37,149,54,0.0,207.0,205.51,64.59,434,514,72,1,2,0,1,1,72.2246875,55.77726961668101,278.0
C:/FYP/full_dataset/print1/image-74.jpg,2020-10-02T09:44:27-83,149,54,0.0,207.0,205.94,64.71,434,514,73,1,2,0,1,1,62.933837890625,55.1080350009309,278.0
C:/FYP/full_dataset/print1/image-75.jpg,2020-10-02T09:44:28-30,149,54,0.0,207.0,205.94,64.71,434,514,74,1,2,0,1,1,54.911865234375,52.538949612679865,278.0
C:/FYP/full_dataset/print1/image-76.jpg,2020-10-02T09:44:28-76,149,54,0.0,207.0,205.94,64.71,434,514,75,1,2,0,1,1,67.00116861979167,56.06261300912016,278.0
C:/FYP/full_dataset/print1/image-77.jpg,2020-10-02T09:44:29-22,149,54,0.0,207.0,205.94,64.71,434,514,76,1,2,0,1,1,68.0259765625,55.48940233803915,278.0
C:/FYP/full_dataset/print1/image-78.jpg,2020-10-02T09:44:29-69,149,54,0.0,207.0,206.25,64.94,434,514,77,1,2,0,1,1,71.69576497395833,50.30617613240501,278.0
C:/FYP/full_dataset/print1/image-79.jpg,2020-10-02T09:44:30-16,149,54,0.0,207.0,206.25,64.94,434,514,78,1,2,0,1,1,65.84033528645833,55.25244684925991,278.0
C:/FYP/full_dataset/print1/image-80.jpg,2020-10-02T09:44:30-62,149,54,0.0,207.0,206.25,64.94,434,514,79,1,2,0,1,1,76.71809244791666,55.19931829625853,278.0
C:/FYP/full_dataset/print1/image-81.jpg,2020-10-02T09:44:31-09,149,54,0.0,207.0,206.25,64.94,434,514,80,1,2,0,1,1,61.90379557291666,54.65242198734847,278.0
C:/FYP/full_dataset/print1/image-82.jpg,2020-10-02T09:44:31-55,149,54,0.0,207.0,207.23,65.2,434,514,81,1,2,0,1,1,73.47190104166667,48.61071680785565,278.0
C:/FYP/full_dataset/print1/image-83.jpg,2020-10-02T09:44:32-01,149,54,0.0,207.0,207.23,65.2,434,514,82,1,2,0,1,1,70.15718424479167,56.64107620637443,278.0
C:/FYP/full_dataset/print1/image-84.jpg,2020-10-02T09:44:32-48,149,54,0.0,207.0,207.23,65.2,434,514,83,1,2,0,1,1,64.60788411458333,55.92235376019433,278.0
C:/FYP/full_dataset/print1/image-85.jpg,2020-10-02T09:44:32-95,149,54,0.0,207.0,207.23,65.2,434,514,84,1,2,0,1,1,62.71708658854167,49.26643908938915,278.0
C:/FYP/full_dataset/print1/image-86.jpg,2020-10-02T09:44:33-41,149,54,0.0,207.0,207.23,65.2,434,514,85,1,2,0,1,1,66.58618815104167,55.96493787025382,278.0
C:/FYP/full_dataset/print1/image-87.jpg,2020-10-02T09:44:33-87,149,54,0.0,207.0,207.7,65.5,434,514,86,1,2,0,1,1,70.52954752604167,55.42323636840303,278.0
C:/FYP/full_dataset/print1/image-88.jpg,2020-10-02T09:44:34-34,149,54,0.0,207.0,207.7,65.5,434,514,87,1,2,0,1,1,61.6422265625,53.58283094056266,278.0
C:/FYP/full_dataset/print1/image-89.jpg,2020-10-02T09:44:34-80,149,54,0.0,207.0,207.7,65.5,434,514,88,1,2,0,1,1,66.33942708333333,54.261748357641565,278.0
C:/FYP/full_dataset/print1/image-90.jpg,2020-10-02T09:44:35-27,149,54,0.0,207.0,207.7,65.5,434,514,89,1,2,0,1,1,74.09929036458334,55.56994464811293,278.0
C:/FYP/full_dataset/print1/image-91.jpg,2020-10-02T09:44:35-73,149,54,0.0,207.0,208.28,65.71,434,514,90,1,2,0,1,1,62.23409505208333,55.0191007697017,278.0
C:/FYP/full_dataset/print1/image-92.jpg,2020-10-02T09:44:36-20,149,54,0.0,207.0,208.28,65.71,434,514,91,1,2,0,1,1,61.54892252604167,50.017646910063455,278.0
C:/FYP/full_dataset/print1/image-93.jpg,2020-10-02T09:44:36-66,149,54,0.0,207.0,208.28,65.71,434,514,92,1,2,0,1,1,67.93842447916667,56.26964238172953,278.0
C:/FYP/full_dataset/print1/image-94.jpg,2020-10-02T09:44:37-13,149,54,0.0,207.0,208.28,65.71,434,514,93,1,2,0,1,1,66.36484375,55.42859104689868,278.0
C:/FYP/full_dataset/print1/image-95.jpg,2020-10-02T09:44:37-59,149,54,0.0,207.0,208.4,65.67,434,514,94,1,2,0,1,1,73.37606770833334,48.11636799106584,278.0
C:/FYP/full_dataset/print1/image-96.jpg,2020-10-02T09:44:38-05,149,54,0.0,207.0,208.4,65.67,434,514,95,1,2,0,1,1,66.36134440104166,55.50239056075162,278.0
C:/FYP/full_dataset/print1/image-97.jpg,2020-10-02T09:44:38-52,149,54,0.0,207.0,208.4,65.67,434,514,96,1,2,0,1,1,73.80073893229167,56.011564376073466,278.0
C:/FYP/full_dataset/print1/image-98.jpg,2020-10-02T09:44:38-99,149,54,0.0,207.0,208.4,65.67,434,514,97,1,2,0,1,1,61.96747721354166,54.46218423759572,278.0
C:/FYP/full_dataset/print1/image-99.jpg,2020-10-02T09:44:39-45,149,54,0.0,207.0,208.63,65.65,434,514,98,1,2,0,1,1,77.40515625,51.10937982881423,278.0
C:/FYP/full_dataset/print1/image-100.jpg,2020-10-02T09:44:39-91,149,54,0.0,207.0,208.63,65.65,434,514,99,1,2,0,1,1,71.52194010416666,55.911369889806366,278.0
C:/FYP/full_dataset/print1/image-101.jpg,2020-10-02T09:44:40-38,149,54,0.0,207.0,208.63,65.65,434,514,100,1,2,0,1,1,63.18965169270833,55.128565163161966,278.0
C:/FYP/full_dataset/print1/image-102.jpg,2020-10-02T09:44:40-84,149,54,0.0,207.0,208.63,65.65,434,514,101,1,2,0,1,1,56.19667643229167,51.392034192149104,278.0
C:/FYP/full_dataset/print1/image-103.jpg,2020-10-02T09:44:41-31,149,54,0.0,207.0,208.63,65.65,434,514,102,1,2,0,1,1,66.71584635416667,55.87743480374907,278.0
C:/FYP/full_dataset/print1/image-104.jpg,2020-10-02T09:44:41-77,149,54,0.0,207.0,208.52,65.44,434,514,103,1,2,0,1,1,68.38694661458334,55.1067520361499,278.0
C:/FYP/full_dataset/print1/image-105.jpg,2020-10-02T09:44:42-24,149,54,0.0,207.0,208.52,65.44,434,514,104,1,2,0,1,1,69.1412109375,51.58881911216613,278.0
C:/FYP/full_dataset/print1/image-106.jpg,2020-10-02T09:44:42-70,149,54,0.0,207.0,208.52,65.44,434,514,105,1,2,0,1,1,65.75869791666666,55.01832278718605,278.0
C:/FYP/full_dataset/print1/image-107.jpg,2020-10-02T09:44:43-17,149,54,0.0,207.0,208.52,65.44,434,514,106,1,2,0,1,1,75.29942708333333,55.488555428357785,278.0
C:/FYP/full_dataset/print1/image-108.jpg,2020-10-02T09:44:43-63,149,54,0.0,207.0,208.2,65.28,434,514,107,1,2,0,1,1,61.98395833333333,54.77332761888929,278.0
C:/FYP/full_dataset/print1/image-109.jpg,2020-10-02T09:44:44-09,149,54,0.0,207.0,208.2,65.28,434,514,108,1,2,0,1,1,70.94921223958333,49.98085960498671,278.0
C:/FYP/full_dataset/print1/image-110.jpg,2020-10-02T09:44:44-56,149,54,0.0,207.0,208.2,65.28,434,514,109,1,2,0,1,1,69.42003255208333,56.14251418914285,278.0
C:/FYP/full_dataset/print1/image-111.jpg,2020-10-02T09:44:45-02,149,54,0.0,207.0,208.2,65.28,434,514,110,1,2,0,1,1,64.85707682291667,55.410510881913176,278.0
C:/FYP/full_dataset/print1/image-112.jpg,2020-10-02T09:44:45-49,149,54,0.0,207.0,207.85,65.11,434,514,111,1,2,0,1,1,66.37507486979166,49.98938408618383,278.0
C:/FYP/full_dataset/print1/image-113.jpg,2020-10-02T09:44:45-95,149,54,0.0,207.0,207.85,65.11,434,514,112,1,2,0,1,1,66.35472981770833,55.77205780433771,278.0
C:/FYP/full_dataset/print1/image-114.jpg,2020-10-02T09:44:46-42,149,54,0.0,207.0,207.85,65.11,434,514,113,1,2,0,1,1,70.58168619791667,55.04394391993458,278.0
C:/FYP/full_dataset/print1/image-115.jpg,2020-10-02T09:44:46-88,149,54,0.0,207.0,207.85,65.11,434,514,114,1,2,0,1,1,61.77877278645833,54.24993592118132,278.0
C:/FYP/full_dataset/print1/image-116.jpg,2020-10-02T09:44:47-35,149,54,0.0,207.0,207.85,65.11,434,514,115,1,2,0,1,1,68.69978841145833,53.48667486370847,278.0
C:/FYP/full_dataset/print1/image-117.jpg,2020-10-02T09:44:47-81,149,54,0.0,207.0,207.27,64.79,434,514,116,1,2,0,1,1,72.55165364583333,55.46069326347676,278.0
C:/FYP/full_dataset/print1/image-118.jpg,2020-10-02T09:44:48-28,149,54,0.0,207.0,207.27,64.79,434,514,117,1,2,0,1,1,62.17585611979167,54.87218371204354,278.0
C:/FYP/full_dataset/print1/image-119.jpg,2020-10-02T09:44:48-74,149,54,0.0,207.0,207.27,64.79,434,514,118,1,2,0,1,1,59.78788736979167,51.065082475269385,278.0
C:/FYP/full_dataset/print1/image-120.jpg,2020-10-02T09:44:49-21,149,54,0.0,207.0,207.27,64.79,434,514,119,1,2,0,1,1,67.361240234375,56.01334218057213,278.0
C:/FYP/full_dataset/print1/image-121.jpg,2020-10-02T09:44:49-74,149,54,0.0,207.0,206.64,64.63,434,514,120,1,2,0,1,1,64.71920572916666,55.34652416013782,278.0
C:/FYP/full_dataset/print1/image-122.jpg,2020-10-02T09:44:50-20,149,54,0.0,207.0,206.64,64.63,434,514,121,1,2,0,1,1,67.46042643229167,49.73891341948966,278.0
C:/FYP/full_dataset/print1/image-123.jpg,2020-10-02T09:44:50-67,149,54,0.0,207.0,206.64,64.63,434,514,122,1,2,0,1,1,66.36580078125,55.81270085300645,278.0
C:/FYP/full_dataset/print1/image-124.jpg,2020-10-02T09:44:51-13,149,54,0.0,207.0,206.64,64.63,434,514,123,1,2,0,1,1,70.07088216145833,54.981471001179685,278.0
C:/FYP/full_dataset/print1/image-125.jpg,2020-10-02T09:44:51-60,149,54,0.0,207.0,206.41,64.65,434,514,124,1,2,0,1,1,61.54070963541667,54.15870987889592,278.0
C:/FYP/full_dataset/print1/image-126.jpg,2020-10-02T09:44:52-06,149,54,0.0,207.0,206.41,64.65,434,514,125,1,2,0,1,1,68.054736328125,53.66260720592607,278.0
C:/FYP/full_dataset/print1/image-127.jpg,2020-10-02T09:44:52-52,149,54,0.0,207.0,206.41,64.65,434,514,126,1,2,0,1,1,72.325576171875,55.3240034485772,278.0
C:/FYP/full_dataset/print1/image-128.jpg,2020-10-02T09:44:52-99,149,54,0.0,207.0,206.41,64.65,434,514,127,1,2,0,1,1,62.40544596354167,54.98170521630375,278.0
C:/FYP/full_dataset/print1/image-129.jpg,2020-10-02T09:44:53-46,149,54,0.0,207.0,206.25,64.78,434,514,128,1,2,0,1,1,60.681748046875,51.12169809214616,278.0
C:/FYP/full_dataset/print1/image-130.jpg,2020-10-02T09:44:53-92,149,54,0.0,207.0,206.25,64.78,434,514,129,1,2,0,1,1,67.30474934895834,56.26591547616344,278.0
C:/FYP/full_dataset/print1/image-131.jpg,2020-10-02T09:44:54-38,149,54,0.0,207.0,206.25,64.78,434,514,130,1,2,0,1,1,66.48443033854167,55.1910696729837,278.0
C:/FYP/full_dataset/print1/image-132.jpg,2020-10-02T09:44:54-85,149,54,0.0,207.0,206.25,64.78,434,514,131,1,2,0,1,1,76.28933919270834,48.880830557413866,278.0
C:/FYP/full_dataset/print1/image-133.jpg,2020-10-02T09:44:55-31,149,54,0.0,207.0,206.25,64.78,434,514,132,1,2,0,1,1,66.10319986979167,55.68453775483072,278.0
C:/FYP/full_dataset/print1/image-134.jpg,2020-10-02T09:44:55-78,149,54,0.0,207.0,205.82,64.99,434,514,133,1,2,0,1,1,73.42027994791667,56.01794790208949,278.0
C:/FYP/full_dataset/print1/image-135.jpg,2020-10-02T09:44:56-24,149,54,0.0,207.0,205.82,64.99,434,514,134,1,2,0,1,1,61.86614908854167,54.5845675706624,278.0
C:/FYP/full_dataset/print1/image-136.jpg,2020-10-02T09:44:56-71,149,54,0.0,207.0,205.82,64.99,434,514,135,1,2,0,1,1,79.20382161458333,49.77836162607718,278.0
C:/FYP/full_dataset/print1/image-137.jpg,2020-10-02T09:44:57-17,149,54,0.0,207.0,205.82,64.99,434,514,136,1,2,0,1,1,70.29537760416666,55.62559296957463,278.0
C:/FYP/full_dataset/print1/image-138.jpg,2020-10-02T09:44:57-64,149,54,0.0,207.0,205.9,65.24,434,514,137,1,2,0,1,1,63.61572916666667,55.2579815359433,278.0
C:/FYP/full_dataset/print1/image-139.jpg,2020-10-02T09:44:58-10,149,54,0.0,207.0,205.9,65.24,434,514,138,1,2,0,1,1,59.95654622395834,50.39004153200782,278.0
C:/FYP/full_dataset/print1/image-140.jpg,2020-10-02T09:44:58-56,149,54,0.0,207.0,205.9,65.24,434,514,139,1,2,0,1,1,66.770830078125,56.16511092237733,278.0
C:/FYP/full_dataset/print1/image-141.jpg,2020-10-02T09:44:59-03,149,54,0.0,207.0,205.9,65.24,434,514,140,1,2,0,1,1,68.07201822916667,54.6006585100293,278.0
C:/FYP/full_dataset/print1/image-142.jpg,2020-10-02T09:44:59-50,149,54,0.0,207.0,206.09,65.53,434,514,141,1,2,0,1,1,66.18661458333334,52.06626773828909,278.0
C:/FYP/full_dataset/print1/image-143.jpg,2020-10-02T09:44:59-96,149,54,0.0,207.0,206.09,65.53,434,514,142,1,2,0,1,1,66.489150390625,55.05998852808689,278.0
C:/FYP/full_dataset/print1/image-144.jpg,2020-10-02T09:45:00-43,149,54,0.0,207.0,206.09,65.53,434,514,143,1,2,0,1,1,73.63238606770834,54.71291558198266,278.0
C:/FYP/full_dataset/print1/image-145.jpg,2020-10-02T09:45:00-89,149,54,0.0,207.0,206.09,65.53,434,514,144,1,2,0,1,1,62.34180013020834,55.15770352323824,278.0
C:/FYP/full_dataset/print1/image-146.jpg,2020-10-02T09:45:01-35,149,54,0.0,207.0,206.09,65.53,434,514,145,1,2,0,1,1,68.135126953125,49.887632581500085,278.0
C:/FYP/full_dataset/print1/image-147.jpg,2020-10-02T09:45:01-82,149,54,0.0,207.0,206.21,65.61,434,514,146,1,2,0,1,1,68.73937174479167,56.006506835711775,278.0
C:/FYP/full_dataset/print1/image-148.jpg,2020-10-02T09:45:02-28,149,54,0.0,207.0,206.21,65.61,434,514,147,1,2,0,1,1,65.49665364583333,55.19839568264037,278.0
C:/FYP/full_dataset/print1/image-149.jpg,2020-10-02T09:45:02-75,149,54,0.0,207.0,206.21,65.61,434,514,148,1,2,0,1,1,68.71699544270834,48.88801899503696,278.0
C:/FYP/full_dataset/print1/image-150.jpg,2020-10-02T09:45:03-21,149,54,0.0,207.0,206.21,65.61,434,514,149,1,2,0,1,1,66.72430013020833,55.77157796047722,278.0
C:/FYP/full_dataset/print1/image-151.jpg,2020-10-02T09:45:03-67,149,54,0.0,207.0,206.56,65.55,434,514,150,1,2,0,1,1,70.73674153645834,54.8394942110147,278.0
C:/FYP/full_dataset/print1/image-152.jpg,2020-10-02T09:45:04-14,149,54,0.0,207.0,206.56,65.55,434,514,151,1,2,0,1,1,62.5678515625,54.42296093943682,278.0
C:/FYP/full_dataset/print1/image-153.jpg,2020-10-02T09:45:04-61,149,54,0.0,207.0,206.56,65.55,434,514,152,1,2,0,1,1,72.52781901041666,52.41915166978328,278.0
C:/FYP/full_dataset/print1/image-154.jpg,2020-10-02T09:45:05-07,149,54,0.0,207.0,206.56,65.55,434,514,153,1,2,0,1,1,71.71136067708333,54.92051223271472,278.0
C:/FYP/full_dataset/print1/image-155.jpg,2020-10-02T09:45:05-54,149,54,0.0,207.0,207.11,65.5,434,514,154,1,2,0,1,1,62.78041015625,55.20595809282143,278.0
C:/FYP/full_dataset/print1/image-156.jpg,2020-10-02T09:45:06-00,149,54,0.0,207.0,207.11,65.5,434,514,155,1,2,0,1,1,55.8791015625,50.80848909933648,278.0
C:/FYP/full_dataset/print1/image-157.jpg,2020-10-02T09:45:06-47,149,54,0.0,207.0,207.11,65.5,434,514,156,1,2,0,1,1,67.162890625,55.83927464559663,278.0
C:/FYP/full_dataset/print1/image-158.jpg,2020-10-02T09:45:06-93,149,54,0.0,207.0,207.11,65.5,434,514,157,1,2,0,1,1,67.601171875,54.925913097701816,278.0
C:/FYP/full_dataset/print1/image-159.jpg,2020-10-02T09:45:07-39,149,54,0.0,207.0,207.11,65.5,434,514,158,1,2,0,1,1,74.79514973958334,49.198713473672846,278.0
C:/FYP/full_dataset/print1/image-160.jpg,2020-10-02T09:45:07-86,149,54,0.0,207.0,207.3,65.34,434,514,159,1,2,0,1,1,66.83759765625,55.41125006071641,278.0
C:/FYP/full_dataset/print1/image-161.jpg,2020-10-02T09:45:08-32,149,54,0.0,207.0,207.3,65.34,434,514,160,1,2,0,1,1,74.36927083333333,54.97961826175133,278.0
C:/FYP/full_dataset/print1/image-162.jpg,2020-10-02T09:45:08-79,149,54,0.0,207.0,207.3,65.34,434,514,161,1,2,0,1,1,62.98481119791666,55.02651092625225,278.0
C:/FYP/full_dataset/print1/image-163.jpg,2020-10-02T09:45:09-25,149,54,0.0,207.0,207.3,65.34,434,514,162,1,2,0,1,1,76.24034505208333,48.367862723219325,278.0
C:/FYP/full_dataset/print1/image-164.jpg,2020-10-02T09:45:09-72,149,54,0.0,207.0,207.77,65.17,434,514,163,1,2,0,1,1,70.19653645833333,55.77460528569173,278.0
C:/FYP/full_dataset/print1/image-165.jpg,2020-10-02T09:45:10-18,149,54,0.0,207.0,207.77,65.17,434,514,164,1,2,0,1,1,64.52406901041667,55.59572357004168,278.0
C:/FYP/full_dataset/print1/image-166.jpg,2020-10-02T09:45:10-65,149,54,0.0,207.0,207.77,65.17,434,514,165,1,2,0,1,1,60.65909505208333,49.15708234582263,278.0
C:/FYP/full_dataset/print1/image-167.jpg,2020-10-02T09:45:11-11,149,54,0.0,207.0,207.77,65.17,434,514,166,1,2,0,1,1,67.27590169270833,55.96916597882566,278.0
C:/FYP/full_dataset/print1/image-168.jpg,2020-10-02T09:45:11-57,149,54,0.0,207.0,207.89,64.95,434,514,167,1,2,0,1,1,69.23660481770834,54.69258403090812,278.0
C:/FYP/full_dataset/print1/image-169.jpg,2020-10-02T09:45:12-04,149,54,0.0,207.0,207.89,64.95,434,514,168,1,2,0,1,1,64.38735026041667,53.22774530197579,278.0
C:/FYP/full_dataset/print1/image-170.jpg,2020-10-02T09:45:12-51,149,54,0.0,207.0,207.89,64.95,434,514,169,1,2,0,1,1,66.993076171875,55.223155545847,278.0
C:/FYP/full_dataset/print1/image-171.jpg,2020-10-02T09:45:12-97,149,54,0.0,207.0,207.89,64.95,434,514,170,1,2,0,1,1,73.50499348958333,54.822269248306505,278.0
C:/FYP/full_dataset/print1/image-172.jpg,2020-10-02T09:45:13-43,149,54,0.0,207.0,208.01,64.69,434,514,171,1,2,0,1,1,63.32118489583333,55.21970604154618,278.0
C:/FYP/full_dataset/print1/image-173.jpg,2020-10-02T09:45:13-90,149,54,0.0,207.0,208.01,64.69,434,514,172,1,2,0,1,1,65.12584309895833,50.2506989752264,278.0
C:/FYP/full_dataset/print1/image-174.jpg,2020-10-02T09:45:14-36,149,54,0.0,207.0,208.01,64.69,434,514,173,1,2,0,1,1,69.04107747395834,56.09441215496357,278.0
C:/FYP/full_dataset/print1/image-175.jpg,2020-10-02T09:45:14-83,149,54,0.0,207.0,208.01,64.69,434,514,174,1,2,0,1,1,66.39127604166667,55.37572682872179,278.0
C:/FYP/full_dataset/print1/image-176.jpg,2020-10-02T09:45:15-30,149,54,0.0,207.0,208.01,64.69,434,514,175,1,2,0,1,1,72.56244466145833,48.84291446435797,278.0
C:/FYP/full_dataset/print1/image-177.jpg,2020-10-02T09:45:15-76,149,54,0.0,207.0,208.01,64.47,434,514,176,1,2,0,1,1,67.13364583333333,55.68620044536377,278.0
C:/FYP/full_dataset/print1/image-178.jpg,2020-10-02T09:45:16-22,149,54,0.0,207.0,208.01,64.47,434,514,177,1,2,0,1,1,71.64723307291666,55.75629310544002,278.0
C:/FYP/full_dataset/print1/image-179.jpg,2020-10-02T09:45:16-69,149,54,0.0,207.0,208.01,64.47,434,514,178,1,2,0,1,1,63.3396484375,54.77505292369027,278.0
C:/FYP/full_dataset/print1/image-180.jpg,2020-10-02T09:45:17-15,149,54,0.0,207.0,208.01,64.47,434,514,179,1,2,0,1,1,76.63244791666666,52.38352496747543,278.0
C:/FYP/full_dataset/print1/image-181.jpg,2020-10-02T09:45:17-61,149,54,0.0,207.0,207.7,64.64,434,514,180,1,2,0,1,1,71.50012044270834,55.44174013741507,278.0
C:/FYP/full_dataset/print1/image-182.jpg,2020-10-02T09:45:18-08,149,54,0.0,207.0,207.7,64.64,434,514,181,1,2,0,1,1,63.944931640625,55.28988978228529,278.0
C:/FYP/full_dataset/print1/image-183.jpg,2020-10-02T09:45:18-55,149,54,0.0,207.0,207.7,64.64,434,514,182,1,2,0,1,1,56.75674153645834,53.47902615728314,278.0
C:/FYP/full_dataset/print1/image-184.jpg,2020-10-02T09:45:19-01,149,54,0.0,207.0,207.7,64.64,434,514,183,1,2,0,1,1,67.468876953125,55.97319189615197,278.0
C:/FYP/full_dataset/print1/image-185.jpg,2020-10-02T09:45:19-47,149,54,0.0,207.0,207.42,64.78,434,514,184,1,2,0,1,1,68.49080078125,54.97070023316397,278.0
C:/FYP/full_dataset/print1/image-186.jpg,2020-10-02T09:45:19-94,149,54,0.0,207.0,207.42,64.78,434,514,185,1,2,0,1,1,74.28020833333333,51.87860001522719,278.0
C:/FYP/full_dataset/print1/image-187.jpg,2020-10-02T09:45:20-40,149,54,0.0,207.0,207.42,64.78,434,514,186,1,2,0,1,1,67.10217447916666,55.4956921349041,278.0
C:/FYP/full_dataset/print1/image-188.jpg,2020-10-02T09:45:20-87,149,54,0.0,207.0,207.42,64.78,434,514,187,1,2,0,1,1,75.205966796875,55.35996888684586,278.0
C:/FYP/full_dataset/print1/image-189.jpg,2020-10-02T09:45:21-34,149,54,0.0,207.0,207.42,64.78,434,514,188,1,2,0,1,1,63.53335286458334,55.19879727783712,278.0
C:/FYP/full_dataset/print1/image-190.jpg,2020-10-02T09:45:21-80,149,54,0.0,207.0,207.03,65.02,434,514,189,1,2,0,1,1,77.69858723958333,49.66421430869456,278.0
C:/FYP/full_dataset/print1/image-191.jpg,2020-10-02T09:45:22-26,149,54,0.0,207.0,207.03,65.02,434,514,190,1,2,0,1,1,70.1073828125,55.77029437394589,278.0
C:/FYP/full_dataset/print1/image-192.jpg,2020-10-02T09:45:22-73,149,54,0.0,207.0,207.03,65.02,434,514,191,1,2,0,1,1,65.41153971354167,55.46337697250669,278.0
C:/FYP/full_dataset/print1/image-193.jpg,2020-10-02T09:45:23-19,149,54,0.0,207.0,207.03,65.02,434,514,192,1,2,0,1,1,67.69490559895833,50.76590268170896,278.0
C:/FYP/full_dataset/print1/image-194.jpg,2020-10-02T09:45:23-66,149,54,0.0,207.0,206.68,65.32,434,514,193,1,2,0,1,1,67.3216796875,55.82479998183588,278.0
C:/FYP/full_dataset/print1/image-195.jpg,2020-10-02T09:45:24-12,149,54,0.0,207.0,206.68,65.32,434,514,194,1,2,0,1,1,70.21266276041666,54.96850899907675,278.0
C:/FYP/full_dataset/print1/image-196.jpg,2020-10-02T09:45:24-59,149,54,0.0,207.0,206.68,65.32,434,514,195,1,2,0,1,1,63.54246419270833,54.30584875048992,278.0
C:/FYP/full_dataset/print1/image-197.jpg,2020-10-02T09:45:25-05,149,54,0.0,207.0,206.68,65.32,434,514,196,1,2,0,1,1,68.297060546875,54.39039204278591,278.0
C:/FYP/full_dataset/print1/image-198.jpg,2020-10-02T09:45:25-52,149,54,0.0,207.0,206.41,65.65,434,514,197,1,2,0,1,1,73.33874348958334,54.81352252452111,278.0
C:/FYP/full_dataset/print1/image-199.jpg,2020-10-02T09:45:25-98,149,54,0.0,207.0,206.41,65.65,434,514,198,1,2,0,1,1,63.459527994791664,55.178637182696974,278.0
C:/FYP/full_dataset/print1/image-215.jpg,2020-10-02T09:45:33-41,70,138,0.07,189.0,204.76,65.47,434,514,214,1,0,2,2,1,62.38367838541666,48.77453146676875,278.0
C:/FYP/full_dataset/print1/image-216.jpg,2020-10-02T09:45:33-88,70,138,0.07,189.0,203.4,65.34,434,514,215,1,0,2,2,1,61.69056966145833,45.60851776630707,278.0
C:/FYP/full_dataset/print1/image-217.jpg,2020-10-02T09:45:34-35,70,138,0.07,189.0,203.4,65.34,434,514,216,1,0,2,2,1,68.42892903645833,53.1392601665996,278.0
C:/FYP/full_dataset/print1/image-218.jpg,2020-10-02T09:45:34-81,70,138,0.07,189.0,203.4,65.34,434,514,217,1,0,2,2,1,56.92568033854167,49.15036162177714,278.0
C:/FYP/full_dataset/print1/image-219.jpg,2020-10-02T09:45:35-27,70,138,0.07,189.0,203.4,65.34,434,514,218,1,0,2,2,1,60.52720703125,44.38698835287056,278.0
C:/FYP/full_dataset/print1/image-220.jpg,2020-10-02T09:45:35-74,70,138,0.07,189.0,200.94,65.17,434,514,219,1,0,2,2,1,69.556396484375,53.62671401601353,278.0
C:/FYP/full_dataset/print1/image-221.jpg,2020-10-02T09:45:36-20,70,138,0.07,189.0,200.94,65.17,434,514,220,1,0,2,2,1,55.53931315104167,49.12477891751682,278.0
C:/FYP/full_dataset/print1/image-222.jpg,2020-10-02T09:45:36-67,70,138,0.07,189.0,200.94,65.17,434,514,221,1,0,2,2,1,61.38406901041667,43.83001638201064,278.0
C:/FYP/full_dataset/print1/image-223.jpg,2020-10-02T09:45:37-13,70,138,0.07,189.0,200.94,65.17,434,514,222,1,0,2,2,1,69.805615234375,53.7240216203897,278.0
C:/FYP/full_dataset/print1/image-224.jpg,2020-10-02T09:45:37-60,70,138,0.07,189.0,198.44,64.94,434,514,223,1,0,2,2,1,55.24549479166666,49.28384570172071,278.0
C:/FYP/full_dataset/print1/image-225.jpg,2020-10-02T09:45:38-06,70,138,0.07,189.0,198.44,64.94,434,514,224,1,0,2,2,1,62.9169921875,43.52629523207951,278.0
C:/FYP/full_dataset/print1/image-226.jpg,2020-10-02T09:45:38-53,70,138,0.07,189.0,198.44,64.94,434,514,225,1,0,2,2,1,68.89678385416667,53.08617193878965,278.0
C:/FYP/full_dataset/print1/image-227.jpg,2020-10-02T09:45:38-99,70,138,0.07,189.0,198.44,64.94,434,514,226,1,0,2,2,1,55.70740234375,49.43794549048221,278.0
C:/FYP/full_dataset/print1/image-228.jpg,2020-10-02T09:45:39-46,70,138,0.07,189.0,195.65,64.75,434,514,227,1,0,2,2,1,64.83271809895834,42.622233939698376,278.0
C:/FYP/full_dataset/print1/image-229.jpg,2020-10-02T09:45:39-92,70,138,0.07,189.0,195.65,64.75,434,514,228,1,0,2,2,1,68.42972981770833,52.61202114662324,278.0
C:/FYP/full_dataset/print1/image-230.jpg,2020-10-02T09:45:40-39,70,138,0.07,189.0,195.65,64.75,434,514,229,1,0,2,2,1,55.25302734375,49.35387516791765,278.0
C:/FYP/full_dataset/print1/image-231.jpg,2020-10-02T09:45:40-85,70,138,0.07,189.0,195.65,64.75,434,514,230,1,0,2,2,1,66.398544921875,41.741880523996784,278.0
C:/FYP/full_dataset/print1/image-232.jpg,2020-10-02T09:45:41-31,70,138,0.07,189.0,195.65,64.75,434,514,231,1,0,2,2,1,68.27966145833334,51.80793373414979,278.0
C:/FYP/full_dataset/print1/image-233.jpg,2020-10-02T09:45:41-78,70,138,0.07,189.0,192.64,64.63,434,514,232,1,0,2,2,0,54.745029296875,50.319194621559895,278.0
C:/FYP/full_dataset/print1/image-234.jpg,2020-10-02T09:45:42-24,70,138,0.07,189.0,192.64,64.63,434,514,233,1,0,2,2,0,68.1607421875,41.3724249635651,278.0
C:/FYP/full_dataset/print1/image-235.jpg,2020-10-02T09:45:42-71,70,138,0.07,189.0,192.64,64.63,434,514,234,1,0,2,2,0,67.42872395833334,51.30542021740215,278.0
C:/FYP/full_dataset/print1/image-236.jpg,2020-10-02T09:45:43-17,70,138,0.07,189.0,192.64,64.63,434,514,235,1,0,2,2,0,56.37048828125,51.48859657220346,278.0
C:/FYP/full_dataset/print1/image-237.jpg,2020-10-02T09:45:43-64,70,138,0.07,189.0,189.17,64.77,434,514,236,1,0,2,2,0,69.144873046875,40.4643114290914,278.0
C:/FYP/full_dataset/print1/image-238.jpg,2020-10-02T09:45:44-10,70,138,0.07,189.0,189.17,64.77,434,514,237,1,0,2,2,0,66.80592122395834,50.809326784030496,278.0
C:/FYP/full_dataset/print1/image-239.jpg,2020-10-02T09:45:44-57,70,138,0.07,189.0,189.17,64.77,434,514,238,1,0,2,2,0,56.85239583333333,51.0077952145101,278.0
C:/FYP/full_dataset/print1/image-240.jpg,2020-10-02T09:45:45-03,70,138,0.07,189.0,189.17,64.77,434,514,239,1,0,2,2,0,70.62336263020833,40.0658659746284,278.0
C:/FYP/full_dataset/print1/image-241.jpg,2020-10-02T09:45:45-49,70,138,0.07,189.0,185.55,65.01,434,514,240,1,0,2,2,0,66.13318033854166,50.44955214692743,278.0
C:/FYP/full_dataset/print1/image-242.jpg,2020-10-02T09:45:45-96,70,138,0.07,189.0,185.55,65.01,434,514,241,1,0,2,2,0,56.87205729166666,50.71693322312792,278.0
C:/FYP/full_dataset/print1/image-243.jpg,2020-10-02T09:45:46-43,70,138,0.07,189.0,185.55,65.01,434,514,242,1,0,2,2,0,70.66096354166666,40.12394301383947,278.0
C:/FYP/full_dataset/print1/image-244.jpg,2020-10-02T09:45:46-89,70,138,0.07,189.0,185.55,65.01,434,514,243,1,0,2,2,0,65.13759114583333,49.76585083993261,278.0
C:/FYP/full_dataset/print1/image-245.jpg,2020-10-02T09:45:47-36,70,138,0.07,189.0,185.55,65.01,434,514,244,1,0,2,2,0,56.36138997395833,50.92822435505284,278.0
C:/FYP/full_dataset/print1/image-246.jpg,2020-10-02T09:45:47-82,70,138,0.07,189.0,182.26,65.0,434,514,245,1,0,2,2,0,69.85087890625,42.354575982405954,278.0
C:/FYP/full_dataset/print1/image-247.jpg,2020-10-02T09:45:48-28,70,138,0.07,189.0,182.26,65.0,434,514,246,1,0,2,2,0,63.151767578125,48.7631643930977,278.0
C:/FYP/full_dataset/print1/image-248.jpg,2020-10-02T09:45:48-75,70,138,0.07,189.0,182.26,65.0,434,514,247,1,0,2,2,0,55.669775390625,50.35287430779221,278.0
C:/FYP/full_dataset/print1/image-249.jpg,2020-10-02T09:45:49-21,70,138,0.07,189.0,182.26,65.0,434,514,248,1,0,2,2,0,65.71934895833333,47.98157616897842,278.0
C:/FYP/full_dataset/print1/image-250.jpg,2020-10-02T09:45:49-68,70,138,0.07,189.0,179.75,64.81,434,514,249,1,0,2,2,0,57.57222981770833,46.9875123070093,278.0
C:/FYP/full_dataset/print1/image-251.jpg,2020-10-02T09:45:50-14,70,138,0.07,189.0,179.75,64.81,434,514,250,1,0,2,2,0,57.39587565104166,48.69154178554308,278.0
C:/FYP/full_dataset/print1/image-252.jpg,2020-10-02T09:45:50-61,70,138,0.07,189.0,179.75,64.81,434,514,251,1,0,2,2,0,64.54852864583333,54.94162137718423,278.0
C:/FYP/full_dataset/print1/image-253.jpg,2020-10-02T09:45:51-07,70,138,0.07,189.0,179.75,64.81,434,514,252,1,0,2,2,0,49.75427083333334,47.75446560968128,278.0
C:/FYP/full_dataset/print1/image-254.jpg,2020-10-02T09:45:51-54,70,138,0.07,189.0,178.1,64.8,434,514,253,1,0,2,2,0,73.30703450520834,51.834239546055066,278.0
C:/FYP/full_dataset/print1/image-255.jpg,2020-10-02T09:45:52-00,70,138,0.07,189.0,178.1,64.8,434,514,254,1,0,2,2,0,65.86097330729167,49.554062481573325,278.0
C:/FYP/full_dataset/print1/image-256.jpg,2020-10-02T09:45:52-46,70,138,0.07,189.0,178.1,64.8,434,514,255,1,0,2,2,0,66.645888671875,56.308196044233526,278.0
C:/FYP/full_dataset/print1/image-257.jpg,2020-10-02T09:45:52-93,70,138,0.07,189.0,178.1,64.8,434,514,256,1,0,2,2,0,61.77474934895833,47.49469502759226,278.0
C:/FYP/full_dataset/print1/image-258.jpg,2020-10-02T09:45:53-39,70,138,0.07,189.0,178.1,64.8,434,514,257,1,0,2,2,0,67.34601236979167,45.90375984620514,278.0
C:/FYP/full_dataset/print1/image-259.jpg,2020-10-02T09:45:53-86,70,138,0.07,189.0,177.21,65.08,434,514,258,1,0,2,2,0,74.93947265625,51.42030723942543,278.0
C:/FYP/full_dataset/print1/image-260.jpg,2020-10-02T09:45:54-32,70,138,0.07,189.0,177.21,65.08,434,514,259,1,0,2,2,0,70.74148111979167,49.7425953125818,278.0
C:/FYP/full_dataset/print1/image-261.jpg,2020-10-02T09:45:54-79,70,138,0.07,189.0,177.21,65.08,434,514,260,1,0,2,2,0,64.85313151041667,47.259201236603296,278.0
C:/FYP/full_dataset/print1/image-262.jpg,2020-10-02T09:45:55-25,70,138,0.07,189.0,177.21,65.08,434,514,261,1,0,2,2,0,70.97822591145834,52.04912810197234,278.0
C:/FYP/full_dataset/print1/image-263.jpg,2020-10-02T09:45:55-72,70,138,0.07,189.0,177.02,65.37,434,514,262,1,0,2,2,0,73.802412109375,35.401064621606885,278.0
C:/FYP/full_dataset/print1/image-264.jpg,2020-10-02T09:45:56-18,70,138,0.07,189.0,177.02,65.37,434,514,263,1,0,2,2,0,75.45038411458333,35.94589447948932,278.0
C:/FYP/full_dataset/print1/image-265.jpg,2020-10-02T09:45:56-65,70,138,0.07,189.0,177.02,65.37,434,514,264,1,0,2,2,0,62.3844140625,50.17641922398462,278.0
C:/FYP/full_dataset/print1/image-266.jpg,2020-10-02T09:45:57-11,70,138,0.07,189.0,177.02,65.37,434,514,265,1,0,2,2,0,62.20426106770833,48.17136436176071,278.0
C:/FYP/full_dataset/print1/image-267.jpg,2020-10-02T09:45:57-57,70,138,0.07,189.0,177.52,65.4,434,514,266,1,0,2,2,0,78.330498046875,35.969681961201296,278.0
C:/FYP/full_dataset/print1/image-268.jpg,2020-10-02T09:45:58-04,70,138,0.07,189.0,177.52,65.4,434,514,267,1,0,2,2,0,76.163857421875,33.54520033027708,278.0
C:/FYP/full_dataset/print1/image-269.jpg,2020-10-02T09:45:58-51,70,138,0.07,189.0,177.52,65.4,434,514,268,1,0,2,2,0,64.06658528645833,44.78744203664779,278.0
C:/FYP/full_dataset/print1/image-270.jpg,2020-10-02T09:45:58-97,70,138,0.07,189.0,177.52,65.4,434,514,269,1,0,2,2,0,60.83072591145833,53.73082441920394,278.0
C:/FYP/full_dataset/print1/image-271.jpg,2020-10-02T09:45:59-44,70,138,0.07,189.0,177.52,65.4,434,514,270,1,0,2,2,0,70.370849609375,37.27233888499421,278.0
C:/FYP/full_dataset/print1/image-272.jpg,2020-10-02T09:45:59-90,70,138,0.07,189.0,178.4,65.31,434,514,271,1,0,2,2,0,76.38801106770833,34.89693424467199,278.0
C:/FYP/full_dataset/print1/image-273.jpg,2020-10-02T09:46:00-36,70,138,0.07,189.0,178.4,65.31,434,514,272,1,0,2,2,0,64.62953450520833,45.8314146177493,278.0
C:/FYP/full_dataset/print1/image-274.jpg,2020-10-02T09:46:00-83,70,138,0.07,189.0,178.4,65.31,434,514,273,1,0,2,2,0,60.21145833333333,50.27312148361784,278.0
C:/FYP/full_dataset/print1/image-275.jpg,2020-10-02T09:46:01-29,70,138,0.07,189.0,178.4,65.31,434,514,274,1,0,2,2,0,72.66236328125,40.59988140297624,278.0
C:/FYP/full_dataset/print1/image-276.jpg,2020-10-02T09:46:01-76,70,138,0.07,189.0,179.63,65.22,434,514,275,1,0,2,2,0,75.19072265625,33.42600890748066,278.0
C:/FYP/full_dataset/print1/image-277.jpg,2020-10-02T09:46:02-22,70,138,0.07,189.0,179.63,65.22,434,514,276,1,0,2,2,0,78.33633138020834,44.34679557405544,278.0
C:/FYP/full_dataset/print1/image-278.jpg,2020-10-02T09:46:02-69,70,138,0.07,189.0,179.63,65.22,434,514,277,1,0,2,2,0,64.68796549479167,54.128474746179286,278.0
C:/FYP/full_dataset/print1/image-279.jpg,2020-10-02T09:46:03-15,70,138,0.07,189.0,179.63,65.22,434,514,278,1,0,2,2,0,71.482373046875,55.96940263874932,278.0
C:/FYP/full_dataset/print3/image-14.jpg,2020-10-02T21:46:33-58,179,56,0.32,205.0,205.04,65.61,617,572,13,3,2,0,2,1,13.55134765625,21.579685938146334,280.0
C:/FYP/full_dataset/print3/image-15.jpg,2020-10-02T21:46:34-04,179,56,0.32,205.0,205.04,65.61,617,572,14,3,2,0,2,1,16.6492578125,28.25269231678769,280.0
C:/FYP/full_dataset/print3/image-16.jpg,2020-10-02T21:46:34-57,179,56,0.32,205.0,205.04,65.61,617,572,15,3,2,0,2,1,16.507164713541666,27.838745588811044,280.0
C:/FYP/full_dataset/print3/image-17.jpg,2020-10-02T21:46:35-04,179,56,0.32,205.0,205.31,65.41,617,572,16,3,2,0,2,1,16.382360026041667,27.546702802979773,280.0
C:/FYP/full_dataset/print3/image-18.jpg,2020-10-02T21:46:35-50,179,56,0.32,205.0,205.31,65.41,617,572,17,3,2,0,2,1,15.897457682291664,27.232189373384408,280.0
C:/FYP/full_dataset/print3/image-19.jpg,2020-10-02T21:46:35-96,179,56,0.32,205.0,205.31,65.41,617,572,18,3,2,0,2,1,18.403629557291666,32.727725257007826,280.0
C:/FYP/full_dataset/print3/image-20.jpg,2020-10-02T21:46:36-43,179,56,0.32,205.0,205.31,65.41,617,572,19,3,2,0,2,1,18.440514322916663,33.83603948787528,280.0
C:/FYP/full_dataset/print3/image-21.jpg,2020-10-02T21:46:36-90,179,56,0.32,205.0,205.78,65.13,617,572,20,3,2,0,2,1,17.47671875,32.33903656741182,280.0
C:/FYP/full_dataset/print3/image-22.jpg,2020-10-02T21:46:37-36,179,56,0.32,205.0,205.78,65.13,617,572,21,3,2,0,2,1,17.47751302083333,32.51713043427292,280.0
C:/FYP/full_dataset/print3/image-23.jpg,2020-10-02T21:46:37-83,179,56,0.32,205.0,205.78,65.13,617,572,22,3,2,0,2,1,17.381233723958335,32.2949276652698,280.0
C:/FYP/full_dataset/print3/image-24.jpg,2020-10-02T21:46:38-29,179,56,0.32,205.0,205.78,65.13,617,572,23,3,2,0,2,1,17.345559895833333,32.22558874759661,280.0
C:/FYP/full_dataset/print3/image-25.jpg,2020-10-02T21:46:38-75,179,56,0.32,205.0,205.78,65.13,617,572,24,3,2,0,2,1,17.784827473958334,32.97053114663652,280.0
C:/FYP/full_dataset/print3/image-26.jpg,2020-10-02T21:46:39-22,179,56,0.32,205.0,205.9,64.87,617,572,25,3,2,0,2,1,18.261295572916666,32.195597070365444,280.0
C:/FYP/full_dataset/print3/image-27.jpg,2020-10-02T21:46:39-69,179,56,0.32,205.0,205.9,64.87,617,572,26,3,2,0,2,1,20.464440104166663,32.76558220787312,280.0
C:/FYP/full_dataset/print3/image-28.jpg,2020-10-02T21:46:40-15,179,56,0.32,205.0,205.9,64.87,617,572,27,3,2,0,2,1,18.086402994791666,28.93890079432785,280.0
C:/FYP/full_dataset/print3/image-29.jpg,2020-10-02T21:46:40-61,179,56,0.32,205.0,205.9,64.87,617,572,28,3,2,0,2,1,17.897490234375,30.03898177356788,280.0
C:/FYP/full_dataset/print3/image-30.jpg,2020-10-02T21:46:41-08,179,56,0.32,205.0,205.39,65.02,617,572,29,3,2,0,2,1,18.348997395833333,30.006555777359463,280.0
C:/FYP/full_dataset/print3/image-31.jpg,2020-10-02T21:46:41-54,179,56,0.32,205.0,205.39,65.02,617,572,30,3,2,0,2,1,22.301435546875,37.35847224472701,280.0
C:/FYP/full_dataset/print3/image-32.jpg,2020-10-02T21:46:42-07,179,56,0.32,205.0,205.39,65.02,617,572,31,3,2,0,2,1,22.57580078125,37.80692808908479,280.0
C:/FYP/full_dataset/print3/image-33.jpg,2020-10-02T21:46:42-54,179,56,0.32,205.0,205.39,65.02,617,572,32,3,2,0,2,1,22.22803059895833,37.2205621247783,280.0
C:/FYP/full_dataset/print3/image-34.jpg,2020-10-02T21:46:43-00,179,56,0.32,205.0,205.04,65.13,617,572,33,3,2,0,2,1,21.72176106770833,36.5328516956784,280.0
C:/FYP/full_dataset/print3/image-35.jpg,2020-10-02T21:46:43-47,179,56,0.32,205.0,205.04,65.13,617,572,34,3,2,0,2,1,24.63977864583333,43.04076880863657,280.0
C:/FYP/full_dataset/print3/image-36.jpg,2020-10-02T21:46:43-93,179,56,0.32,205.0,205.04,65.13,617,572,35,3,2,0,2,1,21.861041666666665,38.749516300184496,280.0
C:/FYP/full_dataset/print3/image-37.jpg,2020-10-02T21:46:44-40,179,56,0.32,205.0,205.04,65.13,617,572,36,3,2,0,2,1,23.45667317708333,39.88295674435175,280.0
C:/FYP/full_dataset/print3/image-38.jpg,2020-10-02T21:46:44-87,179,56,0.32,205.0,205.35,65.2,617,572,37,3,2,0,2,1,23.51197591145833,40.0456275386335,280.0
C:/FYP/full_dataset/print3/image-39.jpg,2020-10-02T21:46:45-33,179,56,0.32,205.0,205.35,65.2,617,572,38,3,2,0,2,1,23.505693359375,40.34624145266188,280.0
C:/FYP/full_dataset/print3/image-40.jpg,2020-10-02T21:46:45-79,179,56,0.32,205.0,205.35,65.2,617,572,39,3,2,0,2,1,23.420748697916668,40.156471325095296,280.0
C:/FYP/full_dataset/print3/image-41.jpg,2020-10-02T21:46:46-26,179,56,0.32,205.0,205.35,65.2,617,572,40,3,2,0,2,1,24.607548828125,42.12810891618249,280.0
C:/FYP/full_dataset/print3/image-42.jpg,2020-10-02T21:46:46-72,179,56,0.32,205.0,205.35,65.2,617,572,41,3,2,0,2,1,24.793017578125,40.65274213115572,280.0
C:/FYP/full_dataset/print3/image-43.jpg,2020-10-02T21:46:47-18,179,56,0.32,205.0,204.55,65.09,617,572,42,3,2,0,2,1,26.86449544270833,40.2658468882045,280.0
C:/FYP/full_dataset/print3/image-44.jpg,2020-10-02T21:46:47-66,179,56,0.32,205.0,204.55,65.09,617,572,43,3,2,0,2,1,23.62032877604167,38.11860602320503,280.0
C:/FYP/full_dataset/print3/image-45.jpg,2020-10-02T21:46:48-18,179,56,0.32,205.0,204.55,65.09,617,572,44,3,2,0,2,1,22.93222005208333,38.234989169137705,280.0
C:/FYP/full_dataset/print3/image-46.jpg,2020-10-02T21:46:48-65,179,56,0.32,205.0,204.55,65.09,617,572,45,3,2,0,2,1,30.44184895833333,45.58337360469846,280.0
C:/FYP/full_dataset/print3/image-47.jpg,2020-10-02T21:46:49-11,179,56,0.32,205.0,204.17,64.94,617,572,46,3,2,0,2,1,29.17857421875,36.085995910210535,280.0
C:/FYP/full_dataset/print3/image-48.jpg,2020-10-02T21:46:49-57,179,56,0.32,205.0,204.17,64.94,617,572,47,3,2,0,2,1,11.805478515625,16.34495185388009,280.0
C:/FYP/full_dataset/print3/image-49.jpg,2020-10-02T21:46:50-04,179,56,0.32,205.0,204.17,64.94,617,572,48,3,2,0,2,1,12.324033203125,20.121473209581293,280.0
C:/FYP/full_dataset/print3/image-50.jpg,2020-10-02T21:46:50-50,179,56,0.32,205.0,204.17,64.94,617,572,49,3,2,0,2,1,13.315364583333333,24.69376367527664,280.0
C:/FYP/full_dataset/print3/image-51.jpg,2020-10-02T21:46:50-97,179,56,0.32,205.0,204.27,65.08,617,572,50,3,2,0,2,1,15.407838541666669,27.551161968179283,280.0
C:/FYP/full_dataset/print3/image-52.jpg,2020-10-02T21:46:51-43,179,56,0.32,205.0,204.27,65.08,617,572,51,3,2,0,2,1,32.091240234375,39.52461998204207,280.0
C:/FYP/full_dataset/print3/image-53.jpg,2020-10-02T21:46:51-90,179,56,0.32,205.0,204.27,65.08,617,572,52,3,2,0,2,1,29.89296875,48.022132511772,280.0
C:/FYP/full_dataset/print3/image-54.jpg,2020-10-02T21:46:52-37,179,56,0.32,205.0,204.27,65.08,617,572,53,3,2,0,2,1,33.32615234375,48.59647880508249,280.0
C:/FYP/full_dataset/print3/image-55.jpg,2020-10-02T21:46:52-83,179,56,0.32,205.0,204.27,65.08,617,572,54,3,2,0,2,1,32.075764973958336,49.07337497476113,280.0
C:/FYP/full_dataset/print3/image-56.jpg,2020-10-02T21:46:53-29,179,56,0.32,205.0,204.03,65.31,617,572,55,3,2,0,2,1,36.68941080729167,52.47045748516332,280.0
C:/FYP/full_dataset/print3/image-57.jpg,2020-10-02T21:46:53-75,179,56,0.32,205.0,204.03,65.31,617,572,56,3,2,0,2,1,45.46779947916666,56.02015330582118,280.0
C:/FYP/full_dataset/print3/image-58.jpg,2020-10-02T21:46:54-22,179,56,0.32,205.0,204.03,65.31,617,572,57,3,2,0,2,1,41.958902994791664,56.585544573291465,280.0
C:/FYP/full_dataset/print3/image-59.jpg,2020-10-02T21:46:54-68,179,56,0.32,205.0,204.03,65.31,617,572,58,3,2,0,2,1,43.333955078125,57.04485249355111,280.0
C:/FYP/full_dataset/print3/image-60.jpg,2020-10-02T21:46:55-15,179,56,0.32,205.0,204.24,65.44,617,572,59,3,2,0,2,1,48.30049479166666,59.15969776460096,280.0
C:/FYP/full_dataset/print3/image-61.jpg,2020-10-02T21:46:55-62,179,56,0.32,205.0,204.24,65.44,617,572,60,3,2,0,2,1,46.39671549479166,58.62444315228207,280.0
C:/FYP/full_dataset/print3/image-62.jpg,2020-10-02T21:46:56-08,179,56,0.32,205.0,204.24,65.44,617,572,61,3,2,0,2,1,46.783212890625,59.634094389331246,280.0
C:/FYP/full_dataset/print3/image-63.jpg,2020-10-02T21:46:56-54,179,56,0.32,205.0,204.24,65.44,617,572,62,3,2,0,2,1,46.5070703125,55.21094439511304,280.0
C:/FYP/full_dataset/print3/image-64.jpg,2020-10-02T21:46:57-01,179,56,0.32,205.0,204.38,65.38,617,572,63,3,2,0,2,1,34.159664713541666,55.45280250814538,280.0
C:/FYP/full_dataset/print3/image-65.jpg,2020-10-02T21:46:57-47,179,56,0.32,205.0,204.38,65.38,617,572,64,3,2,0,2,1,49.18957682291666,54.95723756128756,280.0
C:/FYP/full_dataset/print3/image-66.jpg,2020-10-02T21:46:57-94,179,56,0.32,205.0,204.38,65.38,617,572,65,3,2,0,2,1,49.74660481770833,59.86318434321479,280.0
C:/FYP/full_dataset/print3/image-67.jpg,2020-10-02T21:46:58-40,179,56,0.32,205.0,204.38,65.38,617,572,66,3,2,0,2,1,42.683336588541664,57.51397277860951,280.0
C:/FYP/full_dataset/print3/image-68.jpg,2020-10-02T21:46:58-87,179,56,0.32,205.0,204.79,65.32,617,572,67,3,2,0,2,1,50.09879557291666,56.31124083967181,280.0
C:/FYP/full_dataset/print3/image-69.jpg,2020-10-02T21:46:59-33,179,56,0.32,205.0,204.79,65.32,617,572,68,3,2,0,2,1,50.43856119791667,60.205856181128816,280.0
C:/FYP/full_dataset/print3/image-70.jpg,2020-10-02T21:46:59-80,179,56,0.32,205.0,204.79,65.32,617,572,69,3,2,0,2,1,42.477607421875,56.330052757160885,280.0
C:/FYP/full_dataset/print3/image-71.jpg,2020-10-02T21:47:00-26,179,56,0.32,205.0,204.79,65.32,617,572,70,3,2,0,2,1,51.320341796875,56.63431486356543,280.0
C:/FYP/full_dataset/print3/image-72.jpg,2020-10-02T21:47:00-79,179,56,0.32,205.0,204.79,65.32,617,572,71,3,2,0,2,1,50.18737630208334,58.23748770986634,280.0
C:/FYP/full_dataset/print3/image-73.jpg,2020-10-02T21:47:01-26,179,56,0.32,205.0,205.0,65.24,617,572,72,3,2,0,2,1,30.650322265625,49.48282406224194,280.0
C:/FYP/full_dataset/print3/image-74.jpg,2020-10-02T21:47:01-72,179,56,0.32,205.0,205.0,65.24,617,572,73,3,2,0,2,1,53.706455078125,59.06027459430647,280.0
C:/FYP/full_dataset/print3/image-75.jpg,2020-10-02T21:47:02-18,179,56,0.32,205.0,205.0,65.24,617,572,74,3,2,0,2,1,49.35591796875,58.86993029971472,280.0
C:/FYP/full_dataset/print3/image-76.jpg,2020-10-02T21:47:02-65,179,56,0.32,205.0,205.0,65.24,617,572,75,3,2,0,2,1,50.53086263020833,60.42746909689657,280.0
C:/FYP/full_dataset/print3/image-92.jpg,2020-10-02T21:47:10-15,117,66,-0.07,214.0,206.41,65.42,617,572,91,3,1,0,0,1,36.53036458333333,49.06729570375342,280.0
C:/FYP/full_dataset/print3/image-93.jpg,2020-10-02T21:47:10-62,117,66,-0.07,214.0,206.41,65.42,617,572,92,3,1,0,0,1,54.319931640625,60.69648623496561,280.0
C:/FYP/full_dataset/print3/image-94.jpg,2020-10-02T21:47:11-08,117,66,-0.07,214.0,207.34,65.51,617,572,93,3,1,0,0,1,51.47598958333333,62.01733300272373,280.0
C:/FYP/full_dataset/print3/image-95.jpg,2020-10-02T21:47:11-54,117,66,-0.07,214.0,207.34,65.51,617,572,94,3,1,0,0,1,37.152141927083335,45.76616927348673,280.0
C:/FYP/full_dataset/print3/image-96.jpg,2020-10-02T21:47:12-01,117,66,-0.07,214.0,207.34,65.51,617,572,95,3,1,0,0,1,54.10151692708333,60.91643931179906,280.0
C:/FYP/full_dataset/print3/image-97.jpg,2020-10-02T21:47:12-48,117,66,-0.07,214.0,207.34,65.51,617,572,96,3,1,0,0,1,48.56742838541667,57.89439209201964,280.0
C:/FYP/full_dataset/print3/image-98.jpg,2020-10-02T21:47:12-94,117,66,-0.07,214.0,208.36,65.48,617,572,97,3,1,0,0,1,39.94123046875,45.85281483369855,280.0
C:/FYP/full_dataset/print3/image-99.jpg,2020-10-02T21:47:13-40,117,66,-0.07,214.0,208.36,65.48,617,572,98,3,1,0,0,1,53.12073893229167,58.66009040749457,280.0
C:/FYP/full_dataset/print3/image-100.jpg,2020-10-02T21:47:13-87,117,66,-0.07,214.0,208.36,65.48,617,572,99,3,1,0,0,1,48.84961263020834,57.99811995353138,280.0
C:/FYP/full_dataset/print3/image-101.jpg,2020-10-02T21:47:14-33,117,66,-0.07,214.0,208.36,65.48,617,572,100,3,1,0,0,1,43.46379557291666,48.32316880820775,280.0
C:/FYP/full_dataset/print3/image-102.jpg,2020-10-02T21:47:14-80,117,66,-0.07,214.0,208.36,65.48,617,572,101,3,1,0,0,1,52.01243489583333,56.80773295739571,280.0
C:/FYP/full_dataset/print3/image-103.jpg,2020-10-02T21:47:15-26,117,66,-0.07,214.0,209.26,65.36,617,572,102,3,1,0,0,1,51.668889973958336,61.99259809335464,280.0
C:/FYP/full_dataset/print3/image-104.jpg,2020-10-02T21:47:15-73,117,66,-0.07,214.0,209.26,65.36,617,572,103,3,1,0,0,1,47.83709309895834,51.95260072806078,280.0
C:/FYP/full_dataset/print3/image-105.jpg,2020-10-02T21:47:16-19,117,66,-0.07,214.0,209.26,65.36,617,572,104,3,1,0,0,1,52.84408203125,57.78180716338135,280.0
C:/FYP/full_dataset/print3/image-106.jpg,2020-10-02T21:47:16-66,117,66,-0.07,214.0,209.26,65.36,617,572,105,3,1,0,0,1,53.19816731770833,62.37381045250669,280.0
C:/FYP/full_dataset/print3/image-107.jpg,2020-10-02T21:47:17-12,117,66,-0.07,214.0,210.59,65.3,617,572,106,3,1,0,0,1,50.00833333333333,53.26969488175373,280.0
C:/FYP/full_dataset/print3/image-108.jpg,2020-10-02T21:47:17-59,117,66,-0.07,214.0,210.59,65.3,617,572,107,3,1,0,0,1,52.58782877604167,58.34813455147773,280.0
C:/FYP/full_dataset/print3/image-109.jpg,2020-10-02T21:47:18-05,117,66,-0.07,214.0,210.59,65.3,617,572,108,3,1,0,0,1,50.05886393229167,57.22311563321111,280.0
C:/FYP/full_dataset/print3/image-110.jpg,2020-10-02T21:47:18-52,117,66,-0.07,214.0,210.59,65.3,617,572,109,3,1,0,0,1,50.41577473958333,53.10213499230445,280.0
C:/FYP/full_dataset/print3/image-111.jpg,2020-10-02T21:47:18-98,117,66,-0.07,214.0,212.11,65.15,617,572,110,3,1,0,0,1,50.91293294270833,56.32981357898461,280.0
C:/FYP/full_dataset/print3/image-112.jpg,2020-10-02T21:47:19-45,117,66,-0.07,214.0,212.11,65.15,617,572,111,3,1,0,0,1,47.6179296875,53.41880050634535,280.0
C:/FYP/full_dataset/print3/image-113.jpg,2020-10-02T21:47:19-98,117,66,-0.07,214.0,212.11,65.15,617,572,112,3,1,0,0,1,46.861904296875,49.95092880318379,280.0
C:/FYP/full_dataset/print3/image-114.jpg,2020-10-02T21:47:20-44,117,66,-0.07,214.0,212.11,65.15,617,572,113,3,1,0,0,1,48.90278971354167,53.9503991917267,280.0
C:/FYP/full_dataset/print3/image-115.jpg,2020-10-02T21:47:20-90,117,66,-0.07,214.0,213.44,64.88,617,572,114,3,1,0,0,1,43.87127278645834,50.10309327773289,280.0
C:/FYP/full_dataset/print3/image-116.jpg,2020-10-02T21:47:21-37,117,66,-0.07,214.0,213.44,64.88,617,572,115,3,1,0,0,1,49.50310546875,51.6549461369204,280.0
C:/FYP/full_dataset/print3/image-117.jpg,2020-10-02T21:47:21-84,117,66,-0.07,214.0,213.44,64.88,617,572,116,3,1,0,0,1,49.339189453125,53.28169635071392,280.0
C:/FYP/full_dataset/print3/image-118.jpg,2020-10-02T21:47:22-30,117,66,-0.07,214.0,213.44,64.88,617,572,117,3,1,0,0,1,43.4759375,49.60234310825877,280.0
C:/FYP/full_dataset/print3/image-119.jpg,2020-10-02T21:47:22-76,117,66,-0.07,214.0,213.44,64.88,617,572,118,3,1,0,0,1,52.08277018229167,54.12556053653208,280.0
C:/FYP/full_dataset/print3/image-120.jpg,2020-10-02T21:47:23-23,117,66,-0.07,214.0,214.3,64.72,617,572,119,3,1,0,0,1,51.42185221354167,54.72807137629925,280.0
C:/FYP/full_dataset/print3/image-121.jpg,2020-10-02T21:47:23-69,117,66,-0.07,214.0,214.3,64.72,617,572,120,3,1,0,0,1,44.18320963541667,49.838591445287896,280.0
C:/FYP/full_dataset/print3/image-122.jpg,2020-10-02T21:47:24-16,117,66,-0.07,214.0,214.3,64.72,617,572,121,3,1,0,0,1,51.683740234375,55.71697086517586,280.0
C:/FYP/full_dataset/print3/image-123.jpg,2020-10-02T21:47:24-62,117,66,-0.07,214.0,214.3,64.72,617,572,122,3,1,0,0,1,52.645859375,56.72766012237232,280.0
C:/FYP/full_dataset/print3/image-124.jpg,2020-10-02T21:47:25-09,117,66,-0.07,214.0,215.57,64.55,617,572,123,3,1,0,0,1,45.15633138020834,52.904162539588384,280.0
C:/FYP/full_dataset/print3/image-125.jpg,2020-10-02T21:47:25-55,117,66,-0.07,214.0,215.57,64.55,617,572,124,3,1,0,0,1,51.297158203125,57.22797959192855,280.0
C:/FYP/full_dataset/print3/image-126.jpg,2020-10-02T21:47:26-02,117,66,-0.07,214.0,215.57,64.55,617,572,125,3,1,0,0,1,53.28454427083334,58.06034877316965,280.0
C:/FYP/full_dataset/print3/image-127.jpg,2020-10-02T21:47:26-48,117,66,-0.07,214.0,215.57,64.55,617,572,126,3,1,0,0,1,46.108587239583336,52.28086208970403,280.0
C:/FYP/full_dataset/print3/image-128.jpg,2020-10-02T21:47:26-94,117,66,-0.07,214.0,215.36,64.7,617,572,127,3,1,0,0,1,49.536328125,56.51544182471136,280.0
C:/FYP/full_dataset/print3/image-129.jpg,2020-10-02T21:47:27-41,117,66,-0.07,214.0,215.36,64.7,617,572,128,3,1,0,0,1,51.421953125,54.84539476249626,280.0
C:/FYP/full_dataset/print3/image-130.jpg,2020-10-02T21:47:27-88,117,66,-0.07,214.0,215.36,64.7,617,572,129,3,1,0,0,1,47.84412760416666,52.65658500778069,280.0
C:/FYP/full_dataset/print3/image-131.jpg,2020-10-02T21:47:28-34,117,66,-0.07,214.0,215.36,64.7,617,572,130,3,1,0,0,1,47.45244140625,54.78356946176314,280.0
C:/FYP/full_dataset/print3/image-132.jpg,2020-10-02T21:47:28-81,117,66,-0.07,214.0,215.36,64.7,617,572,131,3,1,0,0,1,51.98838216145833,54.87564627846266,280.0
C:/FYP/full_dataset/print3/image-133.jpg,2020-10-02T21:47:29-27,117,66,-0.07,214.0,215.89,64.93,617,572,132,3,1,0,0,1,49.21889973958334,53.07512910015161,280.0
C:/FYP/full_dataset/print3/image-134.jpg,2020-10-02T21:47:29-73,117,66,-0.07,214.0,215.89,64.93,617,572,133,3,1,0,0,1,48.94752604166667,57.20988644596999,280.0
C:/FYP/full_dataset/print3/image-135.jpg,2020-10-02T21:47:30-20,117,66,-0.07,214.0,215.89,64.93,617,572,134,3,1,0,0,1,53.454365234375,55.21150131180625,280.0
C:/FYP/full_dataset/print3/image-136.jpg,2020-10-02T21:47:30-66,117,66,-0.07,214.0,215.89,64.93,617,572,135,3,1,0,0,1,49.45424479166667,53.03316857364747,280.0
C:/FYP/full_dataset/print3/image-137.jpg,2020-10-02T21:47:31-13,117,66,-0.07,214.0,215.99,65.25,617,572,136,3,1,0,0,1,49.97697591145833,58.336556313975535,280.0
C:/FYP/full_dataset/print3/image-138.jpg,2020-10-02T21:47:31-66,117,66,-0.07,214.0,215.99,65.25,617,572,137,3,1,0,0,1,52.19728841145833,55.85616258074168,280.0
C:/FYP/full_dataset/print3/image-139.jpg,2020-10-02T21:47:32-13,117,66,-0.07,214.0,215.99,65.25,617,572,138,3,1,0,0,1,45.87211263020834,49.583547334826925,280.0
C:/FYP/full_dataset/print3/image-140.jpg,2020-10-02T21:47:32-59,117,66,-0.07,214.0,215.99,65.25,617,572,139,3,1,0,0,1,48.08617838541666,56.20082093534506,280.0
C:/FYP/full_dataset/print3/image-141.jpg,2020-10-02T21:47:33-05,117,66,-0.07,214.0,214.84,65.59,617,572,140,3,1,0,0,1,52.01758138020834,56.02771083714092,280.0
C:/FYP/full_dataset/print3/image-142.jpg,2020-10-02T21:47:33-52,117,66,-0.07,214.0,214.84,65.59,617,572,141,3,1,0,0,1,48.51652994791666,51.99735632993748,280.0
C:/FYP/full_dataset/print3/image-143.jpg,2020-10-02T21:47:33-98,117,66,-0.07,214.0,214.84,65.59,617,572,142,3,1,0,0,1,46.85453776041667,54.94211365114747,280.0
C:/FYP/full_dataset/print3/image-144.jpg,2020-10-02T21:47:34-45,117,66,-0.07,214.0,214.84,65.59,617,572,143,3,1,0,0,1,52.15676106770833,53.88995332942736,280.0
C:/FYP/full_dataset/print3/image-145.jpg,2020-10-02T21:47:34-91,117,66,-0.07,214.0,214.49,65.93,617,572,144,3,1,0,0,1,49.31456380208334,52.664532497765215,280.0
C:/FYP/full_dataset/print3/image-146.jpg,2020-10-02T21:47:35-38,117,66,-0.07,214.0,214.49,65.93,617,572,145,3,1,0,0,1,47.71940104166666,55.75380435829019,280.0
C:/FYP/full_dataset/print3/image-147.jpg,2020-10-02T21:47:35-84,117,66,-0.07,214.0,214.49,65.93,617,572,146,3,1,0,0,1,53.95520833333333,53.68982780370984,280.0
C:/FYP/full_dataset/print3/image-148.jpg,2020-10-02T21:47:36-31,117,66,-0.07,214.0,214.49,65.93,617,572,147,3,1,0,0,1,48.16028971354167,51.40395138522937,280.0
C:/FYP/full_dataset/print3/image-149.jpg,2020-10-02T21:47:36-77,117,66,-0.07,214.0,214.49,65.93,617,572,148,3,1,0,0,1,48.13045247395834,56.294570626498526,280.0
C:/FYP/full_dataset/print3/image-150.jpg,2020-10-02T21:47:37-23,117,66,-0.07,214.0,213.98,65.98,617,572,149,3,1,0,0,1,55.908720703125,55.26712620585138,280.0
C:/FYP/full_dataset/print3/image-151.jpg,2020-10-02T21:47:37-70,117,66,-0.07,214.0,213.98,65.98,617,572,150,3,1,0,0,1,48.45732096354167,52.186939132314,280.0
C:/FYP/full_dataset/print3/image-152.jpg,2020-10-02T21:47:38-16,117,66,-0.07,214.0,213.98,65.98,617,572,151,3,1,0,0,1,47.89861002604167,55.67993106432864,280.0
C:/FYP/full_dataset/print3/image-153.jpg,2020-10-02T21:47:38-63,117,66,-0.07,214.0,213.98,65.98,617,572,152,3,1,0,0,1,55.16499674479167,53.71297991753096,280.0
C:/FYP/full_dataset/print3/image-154.jpg,2020-10-02T21:47:39-10,117,66,-0.07,214.0,213.52,65.99,617,572,153,3,1,0,0,1,49.40587565104167,52.79425265370448,280.0
C:/FYP/full_dataset/print3/image-155.jpg,2020-10-02T21:47:39-56,117,66,-0.07,214.0,213.52,65.99,617,572,154,3,1,0,0,1,48.99834309895834,56.60131311500838,280.0
C:/FYP/full_dataset/print3/image-156.jpg,2020-10-02T21:47:40-02,117,66,-0.07,214.0,213.52,65.99,617,572,155,3,1,0,0,1,52.26576171875,51.95797206968593,280.0
C:/FYP/full_dataset/print3/image-157.jpg,2020-10-02T21:47:40-49,117,66,-0.07,214.0,213.52,65.99,617,572,156,3,1,0,0,1,51.81843098958333,54.12871313896048,280.0
C:/FYP/full_dataset/print3/image-158.jpg,2020-10-02T21:47:40-95,117,66,-0.07,214.0,213.13,65.91,617,572,157,3,1,0,0,1,50.10843098958333,57.767366226905445,280.0
C:/FYP/full_dataset/print3/image-159.jpg,2020-10-02T21:47:41-41,117,66,-0.07,214.0,213.13,65.91,617,572,158,3,1,0,0,1,48.33212239583333,50.44485412800236,280.0
C:/FYP/full_dataset/print3/image-160.jpg,2020-10-02T21:47:41-88,117,66,-0.07,214.0,213.13,65.91,617,572,159,3,1,0,0,1,52.18018880208334,54.67272389157843,280.0
C:/FYP/full_dataset/print3/image-161.jpg,2020-10-02T21:47:42-34,117,66,-0.07,214.0,213.13,65.91,617,572,160,3,1,0,0,1,50.61973958333334,58.83750308436802,280.0
C:/FYP/full_dataset/print3/image-162.jpg,2020-10-02T21:47:42-81,117,66,-0.07,214.0,213.13,65.91,617,572,161,3,1,0,0,1,44.87688151041666,49.067965374081965,280.0
C:/FYP/full_dataset/print3/image-163.jpg,2020-10-02T21:47:43-28,117,66,-0.07,214.0,212.81,65.79,617,572,162,3,1,0,0,1,50.31585286458333,53.237702291714925,280.0
C:/FYP/full_dataset/print3/image-164.jpg,2020-10-02T21:47:43-74,117,66,-0.07,214.0,212.81,65.79,617,572,163,3,1,0,0,1,46.89482096354167,54.58485827704876,280.0
C:/FYP/full_dataset/print3/image-165.jpg,2020-10-02T21:47:44-20,117,66,-0.07,214.0,212.81,65.79,617,572,164,3,1,0,0,1,41.80332682291667,48.45642692715625,280.0
C:/FYP/full_dataset/print3/image-166.jpg,2020-10-02T21:47:44-73,117,66,-0.07,214.0,212.81,65.79,617,572,165,3,1,0,0,1,50.65194661458333,53.83982433442493,280.0
C:/FYP/full_dataset/print3/image-167.jpg,2020-10-02T21:47:45-20,117,66,-0.07,214.0,213.44,65.61,617,572,166,3,1,0,0,1,49.26757486979167,56.97894201128618,280.0
C:/FYP/full_dataset/print3/image-168.jpg,2020-10-02T21:47:45-66,117,66,-0.07,214.0,213.44,65.61,617,572,167,3,1,0,0,1,49.507001953125,52.88912411517673,280.0
C:/FYP/full_dataset/print3/image-169.jpg,2020-10-02T21:47:46-13,117,66,-0.07,214.0,213.44,65.61,617,572,168,3,1,0,0,1,50.87362955729167,53.45839141980893,280.0
C:/FYP/full_dataset/print3/image-170.jpg,2020-10-02T21:47:46-59,117,66,-0.07,214.0,213.44,65.61,617,572,169,3,1,0,0,1,50.73728190104167,58.99290817995502,280.0
C:/FYP/full_dataset/print3/image-171.jpg,2020-10-02T21:47:47-06,117,66,-0.07,214.0,213.2,65.48,617,572,170,3,1,0,0,1,45.41115885416666,51.37885330450869,280.0
C:/FYP/full_dataset/print3/image-172.jpg,2020-10-02T21:47:47-52,117,66,-0.07,214.0,213.2,65.48,617,572,171,3,1,0,0,1,50.10634440104167,53.04517313896077,280.0
C:/FYP/full_dataset/print3/image-173.jpg,2020-10-02T21:47:47-99,117,66,-0.07,214.0,213.2,65.48,617,572,172,3,1,0,0,1,47.346735026041664,54.55964565800373,280.0
C:/FYP/full_dataset/print3/image-174.jpg,2020-10-02T21:47:48-45,117,66,-0.07,214.0,213.2,65.48,617,572,173,3,1,0,0,1,40.952405598958336,47.70353129679653,280.0
C:/FYP/full_dataset/print3/image-175.jpg,2020-10-02T21:47:48-92,117,66,-0.07,214.0,214.14,65.23,617,572,174,3,1,0,0,1,50.972265625,53.83475166948261,280.0
C:/FYP/full_dataset/print3/image-176.jpg,2020-10-02T21:47:49-38,117,66,-0.07,214.0,214.14,65.23,617,572,175,3,1,0,0,1,48.50081705729167,56.24989588517328,280.0
C:/FYP/full_dataset/print3/image-177.jpg,2020-10-02T21:47:49-91,117,66,-0.07,214.0,214.14,65.23,617,572,176,3,1,0,0,1,47.337666015625,50.03034465160886,280.0
C:/FYP/full_dataset/print3/image-178.jpg,2020-10-02T21:47:50-38,117,66,-0.07,214.0,214.14,65.23,617,572,177,3,1,0,0,1,51.90847330729167,54.75549224331044,280.0
C:/FYP/full_dataset/print3/image-179.jpg,2020-10-02T21:47:50-84,117,66,-0.07,214.0,214.14,65.23,617,572,178,3,1,0,0,1,49.21229166666666,57.39543779695834,280.0
C:/FYP/full_dataset/print3/image-180.jpg,2020-10-02T21:47:51-31,117,66,-0.07,214.0,213.79,65.01,617,572,179,3,1,0,0,1,44.87902669270834,49.86720142105729,280.0
C:/FYP/full_dataset/print3/image-181.jpg,2020-10-02T21:47:51-77,117,66,-0.07,214.0,213.79,65.01,617,572,180,3,1,0,0,1,52.64152018229166,55.517919152630384,280.0
C:/FYP/full_dataset/print3/image-182.jpg,2020-10-02T21:47:52-24,117,66,-0.07,214.0,213.79,65.01,617,572,181,3,1,0,0,1,50.007513020833336,58.35047264931338,280.0
C:/FYP/full_dataset/print3/image-183.jpg,2020-10-02T21:47:52-70,117,66,-0.07,214.0,213.79,65.01,617,572,182,3,1,0,0,1,41.31130208333333,49.02027175399815,280.0
C:/FYP/full_dataset/print3/image-184.jpg,2020-10-02T21:47:53-16,117,66,-0.07,214.0,214.14,64.73,617,572,183,3,1,0,0,1,50.48325520833333,53.12823237301146,280.0
C:/FYP/full_dataset/print3/image-185.jpg,2020-10-02T21:47:53-63,117,66,-0.07,214.0,214.14,64.73,617,572,184,3,1,0,0,1,46.524052734375,54.07634607959506,280.0
C:/FYP/full_dataset/print3/image-186.jpg,2020-10-02T21:47:54-10,117,66,-0.07,214.0,214.14,64.73,617,572,185,3,1,0,0,1,39.08512369791666,50.99822741300478,280.0
C:/FYP/full_dataset/print3/image-187.jpg,2020-10-02T21:47:54-56,117,66,-0.07,214.0,214.14,64.73,617,572,186,3,1,0,0,1,52.05195963541666,55.01120732820453,280.0
C:/FYP/full_dataset/print3/image-188.jpg,2020-10-02T21:47:55-03,117,66,-0.07,214.0,214.8,64.48,617,572,187,3,1,0,0,1,48.70206705729166,56.21396561908001,280.0
C:/FYP/full_dataset/print3/image-189.jpg,2020-10-02T21:47:55-49,117,66,-0.07,214.0,214.8,64.48,617,572,188,3,1,0,0,1,40.24865234375,50.48122576844647,280.0
C:/FYP/full_dataset/print3/image-190.jpg,2020-10-02T21:47:55-95,117,66,-0.07,214.0,214.8,64.48,617,572,189,3,1,0,0,1,52.6738671875,55.393158216808345,280.0
C:/FYP/full_dataset/print3/image-191.jpg,2020-10-02T21:47:56-42,117,66,-0.07,214.0,214.8,64.48,617,572,190,3,1,0,0,1,50.087705078125,58.56038088598792,280.0
C:/FYP/full_dataset/print3/image-192.jpg,2020-10-02T21:47:56-88,117,66,-0.07,214.0,214.8,64.48,617,572,191,3,1,0,0,1,42.05322916666667,50.3699165651564,280.0
C:/FYP/full_dataset/print3/image-193.jpg,2020-10-02T21:47:57-35,117,66,-0.07,214.0,214.65,64.58,617,572,192,3,1,0,0,1,52.88308919270833,56.04582720039629,280.0
C:/FYP/full_dataset/print3/image-194.jpg,2020-10-02T21:47:57-81,117,66,-0.07,214.0,214.65,64.58,617,572,193,3,1,0,0,1,45.7069921875,52.4740330059678,280.0
C:/FYP/full_dataset/print3/image-195.jpg,2020-10-02T21:47:58-28,117,66,-0.07,214.0,214.65,64.58,617,572,194,3,1,0,0,1,44.54376627604167,50.3081371543428,280.0
C:/FYP/full_dataset/print3/image-196.jpg,2020-10-02T21:47:58-74,117,66,-0.07,214.0,214.65,64.58,617,572,195,3,1,0,0,1,51.806298828125,54.83532226354321,280.0
C:/FYP/full_dataset/print3/image-197.jpg,2020-10-02T21:47:59-21,117,66,-0.07,214.0,214.92,64.8,617,572,196,3,1,0,0,1,47.387763671875,56.05220798678808,280.0
C:/FYP/full_dataset/print3/image-198.jpg,2020-10-02T21:47:59-67,117,66,-0.07,214.0,214.92,64.8,617,572,197,3,1,0,0,1,46.585234375,50.9413564562362,280.0
C:/FYP/full_dataset/print3/image-199.jpg,2020-10-02T21:48:00-13,117,66,-0.07,214.0,214.92,64.8,617,572,198,3,1,0,0,1,52.09998697916666,55.76985641109733,280.0
C:/FYP/full_dataset/print3/image-200.jpg,2020-10-02T21:48:00-60,117,66,-0.07,214.0,214.92,64.8,617,572,199,3,1,0,0,1,48.288779296875,56.88656746271101,280.0
C:/FYP/full_dataset/print3/image-201.jpg,2020-10-02T21:48:01-07,117,66,-0.07,214.0,214.45,65.01,617,572,200,3,1,0,0,1,49.45146484375,52.71682354033064,280.0
C:/FYP/full_dataset/print3/image-202.jpg,2020-10-02T21:48:01-53,117,66,-0.07,214.0,214.45,65.01,617,572,201,3,1,0,0,1,52.22577799479166,56.461284591838776,280.0
C:/FYP/full_dataset/print3/image-203.jpg,2020-10-02T21:48:02-06,117,66,-0.07,214.0,214.45,65.01,617,572,202,3,1,0,0,1,49.75436197916667,57.427131708222674,280.0
C:/FYP/full_dataset/print3/image-204.jpg,2020-10-02T21:48:02-52,117,66,-0.07,214.0,214.45,65.01,617,572,203,3,1,0,0,1,44.304143880208336,50.118690048755845,280.0
C:/FYP/full_dataset/print3/image-205.jpg,2020-10-02T21:48:02-99,117,66,-0.07,214.0,214.61,65.37,617,572,204,3,1,0,0,1,51.75428385416666,56.258720572927714,280.0
C:/FYP/full_dataset/print3/image-206.jpg,2020-10-02T21:48:03-45,117,66,-0.07,214.0,214.61,65.37,617,572,205,3,1,0,0,1,46.734462890625,54.5019494568849,280.0
C:/FYP/full_dataset/print3/image-207.jpg,2020-10-02T21:48:03-92,117,66,-0.07,214.0,214.61,65.37,617,572,206,3,1,0,0,1,47.3861328125,51.366218675140594,280.0
C:/FYP/full_dataset/print3/image-208.jpg,2020-10-02T21:48:04-38,117,66,-0.07,214.0,214.61,65.37,617,572,207,3,1,0,0,1,51.31009114583333,55.199446161189954,280.0
C:/FYP/full_dataset/print3/image-209.jpg,2020-10-02T21:48:04-85,117,66,-0.07,214.0,214.61,65.37,617,572,208,3,1,0,0,1,44.70435221354167,51.92662740253778,280.0
C:/FYP/full_dataset/print3/image-210.jpg,2020-10-02T21:48:05-32,117,66,-0.07,214.0,214.61,65.67,617,572,209,3,1,0,0,1,50.15112955729167,53.05322076391424,280.0
C:/FYP/full_dataset/print3/image-211.jpg,2020-10-02T21:48:05-78,117,66,-0.07,214.0,214.61,65.67,617,572,210,3,1,0,0,1,50.36546223958333,53.94693469394041,280.0
C:/FYP/full_dataset/print3/image-212.jpg,2020-10-02T21:48:06-24,117,66,-0.07,214.0,214.61,65.67,617,572,211,3,1,0,0,1,43.011396484375,49.639264293231314,280.0
C:/FYP/full_dataset/print3/image-213.jpg,2020-10-02T21:48:06-71,117,66,-0.07,214.0,214.61,65.67,617,572,212,3,1,0,0,1,51.76472005208333,54.653445779141954,280.0
C:/FYP/full_dataset/print3/image-214.jpg,2020-10-02T21:48:07-17,117,66,-0.07,214.0,214.02,65.73,617,572,213,3,1,0,0,1,51.02747395833333,54.69147908499578,280.0
C:/FYP/full_dataset/print3/image-215.jpg,2020-10-02T21:48:07-63,117,66,-0.07,214.0,214.02,65.73,617,572,214,3,1,0,0,1,44.62679036458334,50.85827157390131,280.0
C:/FYP/full_dataset/print3/image-216.jpg,2020-10-02T21:48:08-11,117,66,-0.07,214.0,214.02,65.73,617,572,215,3,1,0,0,1,51.95342447916666,56.01051843870884,280.0
C:/FYP/full_dataset/print3/image-217.jpg,2020-10-02T21:48:08-57,117,66,-0.07,214.0,214.02,65.73,617,572,216,3,1,0,0,1,51.18025716145834,55.01353003737764,280.0
C:/FYP/full_dataset/print3/image-218.jpg,2020-10-02T21:48:09-03,117,66,-0.07,214.0,213.75,65.74,617,572,217,3,1,0,0,1,45.77688151041666,53.31095259002856,280.0
C:/FYP/full_dataset/print3/image-219.jpg,2020-10-02T21:48:09-49,117,66,-0.07,214.0,213.75,65.74,617,572,218,3,1,0,0,1,50.33496419270834,55.60382915382473,280.0
C:/FYP/full_dataset/print3/image-220.jpg,2020-10-02T21:48:09-96,117,66,-0.07,214.0,213.75,65.74,617,572,219,3,1,0,0,1,51.65837565104167,56.32508231349429,280.0
C:/FYP/full_dataset/print3/image-221.jpg,2020-10-02T21:48:10-42,117,66,-0.07,214.0,213.75,65.74,617,572,220,3,1,0,0,1,46.1232421875,52.3881672257149,280.0
C:/FYP/full_dataset/print3/image-222.jpg,2020-10-02T21:48:10-89,117,66,-0.07,214.0,213.36,65.62,617,572,221,3,1,0,0,1,48.34354166666667,55.36018589427118,280.0
C:/FYP/full_dataset/print3/image-223.jpg,2020-10-02T21:48:11-36,117,66,-0.07,214.0,213.36,65.62,617,572,222,3,1,0,0,1,51.67268229166667,56.33112973232382,280.0
C:/FYP/full_dataset/print3/image-224.jpg,2020-10-02T21:48:11-82,117,66,-0.07,214.0,213.36,65.62,617,572,223,3,1,0,0,1,46.34170247395834,52.24686830694097,280.0
C:/FYP/full_dataset/print3/image-225.jpg,2020-10-02T21:48:12-28,117,66,-0.07,214.0,213.36,65.62,617,572,224,3,1,0,0,1,47.595908203125,56.1356386729566,280.0
C:/FYP/full_dataset/print3/image-226.jpg,2020-10-02T21:48:12-75,117,66,-0.07,214.0,213.36,65.62,617,572,225,3,1,0,0,1,50.43342122395834,55.19603092874898,280.0
C:/FYP/full_dataset/print3/image-242.jpg,2020-10-02T21:48:20-18,35,200,0.31,188.0,211.41,65.08,617,572,241,3,0,2,2,1,27.563115234375,32.96439150982501,280.0
C:/FYP/full_dataset/print3/image-243.jpg,2020-10-02T21:48:20-65,35,200,0.31,188.0,211.41,65.08,617,572,242,3,0,2,2,1,42.74416015625,39.05679360499933,280.0
C:/FYP/full_dataset/print3/image-244.jpg,2020-10-02T21:48:21-11,35,200,0.31,188.0,209.45,64.87,617,572,243,3,0,2,2,1,38.00850911458333,36.619349133762405,280.0
C:/FYP/full_dataset/print3/image-245.jpg,2020-10-02T21:48:21-64,35,200,0.31,188.0,209.45,64.87,617,572,244,3,0,2,2,1,24.02579427083333,29.806193624909444,280.0
C:/FYP/full_dataset/print3/image-246.jpg,2020-10-02T21:48:22-11,35,200,0.31,188.0,209.45,64.87,617,572,245,3,0,2,2,1,38.103948567708336,40.855901725001495,280.0
C:/FYP/full_dataset/print3/image-247.jpg,2020-10-02T21:48:22-57,35,200,0.31,188.0,209.45,64.87,617,572,246,3,0,2,2,1,28.141767578125,33.97226919827161,280.0
C:/FYP/full_dataset/print3/image-248.jpg,2020-10-02T21:48:23-03,35,200,0.31,188.0,206.68,64.95,617,572,247,3,0,2,2,1,42.119710286458336,38.44529488434432,280.0
C:/FYP/full_dataset/print3/image-249.jpg,2020-10-02T21:48:23-50,35,200,0.31,188.0,206.68,64.95,617,572,248,3,0,2,2,1,38.636637369791664,37.91500228059481,280.0
C:/FYP/full_dataset/print3/image-250.jpg,2020-10-02T21:48:23-97,35,200,0.31,188.0,206.68,64.95,617,572,249,3,0,2,2,1,21.92981119791667,28.19962187321806,280.0
C:/FYP/full_dataset/print3/image-251.jpg,2020-10-02T21:48:24-43,35,200,0.31,188.0,206.68,64.95,617,572,250,3,0,2,2,1,37.31974934895833,40.04595020963272,280.0
C:/FYP/full_dataset/print3/image-252.jpg,2020-10-02T21:48:24-89,35,200,0.31,188.0,206.68,64.95,617,572,251,3,0,2,2,1,30.0542578125,34.3192915841773,280.0
C:/FYP/full_dataset/print3/image-253.jpg,2020-10-02T21:48:25-36,35,200,0.31,188.0,203.19,65.32,617,572,252,3,0,2,2,1,31.2930859375,33.0064584763963,280.0
C:/FYP/full_dataset/print3/image-254.jpg,2020-10-02T21:48:25-82,35,200,0.31,188.0,203.19,65.32,617,572,253,3,0,2,2,1,36.369534505208335,43.37404594417229,280.0
C:/FYP/full_dataset/print3/image-255.jpg,2020-10-02T21:48:26-29,35,200,0.31,188.0,203.19,65.32,617,572,254,3,0,2,2,1,37.52341796875,34.78490638215671,280.0
C:/FYP/full_dataset/print3/image-256.jpg,2020-10-02T21:48:26-75,35,200,0.31,188.0,203.19,65.32,617,572,255,3,0,2,2,1,21.49430013020833,28.000871802109145,280.0
C:/FYP/full_dataset/print3/image-257.jpg,2020-10-02T21:48:27-22,35,200,0.31,188.0,200.63,65.14,617,572,256,3,0,2,2,1,29.68041341145833,32.10748777642789,280.0
C:/FYP/full_dataset/print3/image-258.jpg,2020-10-02T21:48:27-68,35,200,0.31,188.0,200.63,65.14,617,572,257,3,0,2,2,1,37.53181315104167,41.354108328965786,280.0
C:/FYP/full_dataset/print3/image-259.jpg,2020-10-02T21:48:28-14,35,200,0.31,188.0,200.63,65.14,617,572,258,3,0,2,2,1,36.06717122395833,38.64659619593788,280.0
C:/FYP/full_dataset/print3/image-260.jpg,2020-10-02T21:48:28-61,35,200,0.31,188.0,200.63,65.14,617,572,259,3,0,2,2,1,31.16629557291667,33.62377053128876,280.0
C:/FYP/full_dataset/print3/image-261.jpg,2020-10-02T21:48:29-08,35,200,0.31,188.0,196.51,65.15,617,572,260,3,0,2,2,1,29.20156575520833,33.01241795271696,280.0
C:/FYP/full_dataset/print3/image-262.jpg,2020-10-02T21:48:29-54,35,200,0.31,188.0,196.51,65.15,617,572,261,3,0,2,2,1,31.92930989583333,35.72114962109874,280.0
C:/FYP/full_dataset/print3/image-263.jpg,2020-10-02T21:48:30-01,35,200,0.31,188.0,196.51,65.15,617,572,262,3,0,2,2,1,32.68256510416666,36.4038654002084,280.0
C:/FYP/full_dataset/print3/image-264.jpg,2020-10-02T21:48:30-47,35,200,0.31,188.0,196.51,65.15,617,572,263,3,0,2,2,1,37.055927734375,34.37189645580726,280.0
C:/FYP/full_dataset/print3/image-265.jpg,2020-10-02T21:48:30-93,35,200,0.31,188.0,192.87,65.02,617,572,264,3,0,2,2,0,40.77529296875,43.74359121488664,280.0
C:/FYP/full_dataset/print3/image-266.jpg,2020-10-02T21:48:31-39,35,200,0.31,188.0,192.87,65.02,617,572,265,3,0,2,2,0,33.50869140625,32.25204777867276,280.0
C:/FYP/full_dataset/print3/image-267.jpg,2020-10-02T21:48:31-87,35,200,0.31,188.0,192.87,65.02,617,572,266,3,0,2,2,0,37.58149739583333,34.651727219870374,280.0
C:/FYP/full_dataset/print3/image-268.jpg,2020-10-02T21:48:32-33,35,200,0.31,188.0,192.87,65.02,617,572,267,3,0,2,2,0,34.800699869791664,31.60935223314018,280.0
C:/FYP/full_dataset/print3/image-269.jpg,2020-10-02T21:48:32-79,35,200,0.31,188.0,192.87,65.02,617,572,268,3,0,2,2,0,29.85093424479167,28.60391900414025,280.0
C:/FYP/full_dataset/print3/image-270.jpg,2020-10-02T21:48:33-33,35,200,0.31,188.0,189.04,64.87,617,572,269,3,0,2,2,0,34.609186197916664,37.93939982185979,280.0
C:/FYP/full_dataset/print3/image-271.jpg,2020-10-02T21:48:33-79,35,200,0.31,188.0,189.04,64.87,617,572,270,3,0,2,2,0,30.11996419270833,27.788812476009888,280.0
C:/FYP/full_dataset/print3/image-272.jpg,2020-10-02T21:48:34-25,35,200,0.31,188.0,189.04,64.87,617,572,271,3,0,2,2,0,35.353515625,30.97194705806311,280.0
C:/FYP/full_dataset/print3/image-273.jpg,2020-10-02T21:48:34-72,35,200,0.31,188.0,189.04,64.87,617,572,272,3,0,2,2,0,33.532978515625,29.452131663988663,280.0
C:/FYP/full_dataset/print3/image-274.jpg,2020-10-02T21:48:35-18,35,200,0.31,188.0,185.29,64.69,617,572,273,3,0,2,2,0,31.08517252604167,28.539811743681245,280.0
C:/FYP/full_dataset/print3/image-275.jpg,2020-10-02T21:48:35-65,35,200,0.31,188.0,185.29,64.69,617,572,274,3,0,2,2,0,33.00025065104167,37.051147123839264,280.0
C:/FYP/full_dataset/print3/image-276.jpg,2020-10-02T21:48:36-11,35,200,0.31,188.0,185.29,64.69,617,572,275,3,0,2,2,0,29.213688151041666,34.22117635239637,280.0
C:/FYP/full_dataset/print3/image-277.jpg,2020-10-02T21:48:36-58,35,200,0.31,188.0,185.29,64.69,617,572,276,3,0,2,2,0,32.395517578125,45.628311039521854,280.0
C:/FYP/full_dataset/print3/image-278.jpg,2020-10-02T21:48:37-04,35,200,0.31,188.0,182.07,64.68,617,572,277,3,0,2,2,0,32.91153645833333,39.24136200375988,280.0
C:/FYP/full_dataset/print3/image-279.jpg,2020-10-02T21:48:37-51,35,200,0.31,188.0,182.07,64.68,617,572,278,3,0,2,2,0,36.348362630208335,41.43936829138848,280.0
C:/FYP/full_dataset/print3/image-280.jpg,2020-10-02T21:48:37-97,35,200,0.31,188.0,182.07,64.68,617,572,279,3,0,2,2,0,33.59466471354167,42.73005066692832,280.0
C:/FYP/full_dataset/print3/image-281.jpg,2020-10-02T21:48:38-43,35,200,0.31,188.0,182.07,64.68,617,572,280,3,0,2,2,0,43.38324869791666,47.3654879480888,280.0
C:/FYP/full_dataset/print4/image-5.jpg,2020-10-09T10:03:36-63,130,114,0.25,205.0,203.68,65.39,499,555,4,4,1,1,2,1,12.714244791666667,15.922939351977188,12.0
C:/FYP/full_dataset/print4/image-6.jpg,2020-10-09T10:03:37-09,130,114,0.25,205.0,203.68,65.39,499,555,5,4,1,1,2,1,12.0642578125,19.084675928831825,12.0
C:/FYP/full_dataset/print4/image-7.jpg,2020-10-09T10:03:37-55,130,114,0.25,205.0,203.68,65.39,499,555,6,4,1,1,2,1,11.249755859375,14.144816078001844,12.0
C:/FYP/full_dataset/print4/image-8.jpg,2020-10-09T10:03:38-02,130,114,0.25,205.0,203.96,65.5,499,555,7,4,1,1,2,1,11.643766276041667,14.505384300520609,12.0
C:/FYP/full_dataset/print4/image-9.jpg,2020-10-09T10:03:38-49,130,114,0.25,205.0,203.96,65.5,499,555,8,4,1,1,2,1,13.237047526041666,18.340068391383,12.0
C:/FYP/full_dataset/print4/image-10.jpg,2020-10-09T10:03:38-95,130,114,0.25,205.0,203.96,65.5,499,555,9,4,1,1,2,1,10.974739583333331,14.69736525725274,12.0
C:/FYP/full_dataset/print4/image-11.jpg,2020-10-09T10:03:39-41,130,114,0.25,205.0,203.96,65.5,499,555,10,4,1,1,2,1,12.064996744791667,19.96925054879272,12.0
C:/FYP/full_dataset/print4/image-12.jpg,2020-10-09T10:03:39-88,130,114,0.25,205.0,203.96,65.5,499,555,11,4,1,1,2,1,14.439521484375,17.915996508450608,12.0
C:/FYP/full_dataset/print4/image-13.jpg,2020-10-09T10:03:40-34,130,114,0.25,205.0,204.1,65.48,499,555,12,4,1,1,2,1,11.434453125,14.286366259439257,12.0
C:/FYP/full_dataset/print5/image-8.jpg,2020-10-12T15:04:32-16,80,94,0.11,205.0,204.55,64.85,571,512,7,5,0,1,2,1,12.267513020833333,17.857923787272078,260.0
C:/FYP/full_dataset/print5/image-9.jpg,2020-10-12T15:04:32-62,80,94,0.11,205.0,204.55,64.85,571,512,8,5,0,1,2,1,13.67544921875,19.05652738042288,260.0
C:/FYP/full_dataset/print5/image-10.jpg,2020-10-12T15:04:33-09,80,94,0.11,205.0,204.55,64.85,571,512,9,5,0,1,2,1,13.061477864583331,19.04774812814933,260.0
C:/FYP/full_dataset/print5/image-11.jpg,2020-10-12T15:04:33-55,80,94,0.11,205.0,204.55,64.85,571,512,10,5,0,1,2,1,13.013668619791664,17.952581095389636,260.0
C:/FYP/full_dataset/print5/image-12.jpg,2020-10-12T15:04:34-01,80,94,0.11,205.0,204.79,64.7,571,512,11,5,0,1,2,1,14.346031901041664,19.103127765868248,260.0
C:/FYP/full_dataset/print5/image-13.jpg,2020-10-12T15:04:34-55,80,94,0.11,205.0,204.79,64.7,571,512,12,5,0,1,2,1,12.580387369791667,17.621267412264306,260.0
C:/FYP/full_dataset/print5/image-14.jpg,2020-10-12T15:04:35-01,80,94,0.11,205.0,204.79,64.7,571,512,13,5,0,1,2,1,14.201598307291668,19.712146594343096,260.0
C:/FYP/full_dataset/print5/image-15.jpg,2020-10-12T15:04:35-47,80,94,0.11,205.0,204.79,64.7,571,512,14,5,0,1,2,1,12.363203125,18.764629297075302,260.0
C:/FYP/full_dataset/print5/image-16.jpg,2020-10-12T15:04:35-93,80,94,0.11,205.0,204.83,64.66,571,512,15,5,0,1,2,1,13.383141276041664,19.81054841274301,260.0
C:/FYP/full_dataset/print5/image-17.jpg,2020-10-12T15:04:36-40,80,94,0.11,205.0,204.83,64.66,571,512,16,5,0,1,2,1,12.287955729166669,18.698377672723108,260.0
C:/FYP/full_dataset/print5/image-18.jpg,2020-10-12T15:04:36-87,80,94,0.11,205.0,204.83,64.66,571,512,17,5,0,1,2,1,13.351471354166666,20.180406949762773,260.0
C:/FYP/full_dataset/print5/image-19.jpg,2020-10-12T15:04:37-33,80,94,0.11,205.0,204.83,64.66,571,512,18,5,0,1,2,1,12.184606119791669,18.4223362610422,260.0
C:/FYP/full_dataset/print5/image-20.jpg,2020-10-12T15:04:37-80,80,94,0.11,205.0,205.47,64.9,571,512,19,5,0,1,2,1,12.688375651041667,19.258899871215675,260.0
C:/FYP/full_dataset/print5/image-21.jpg,2020-10-12T15:04:38-26,80,94,0.11,205.0,205.47,64.9,571,512,20,5,0,1,2,1,11.8717578125,17.995642355445256,260.0
C:/FYP/full_dataset/print5/image-22.jpg,2020-10-12T15:04:38-73,80,94,0.11,205.0,205.47,64.9,571,512,21,5,0,1,2,1,12.460791015625,18.7408208197852,260.0
C:/FYP/full_dataset/print5/image-23.jpg,2020-10-12T15:04:39-19,80,94,0.11,205.0,205.47,64.9,571,512,22,5,0,1,2,1,13.478050130208333,22.50977637663539,260.0
C:/FYP/full_dataset/print5/image-24.jpg,2020-10-12T15:04:39-66,80,94,0.11,205.0,205.47,64.9,571,512,23,5,0,1,2,1,13.621614583333333,22.01342944155993,260.0
C:/FYP/full_dataset/print5/image-25.jpg,2020-10-12T15:04:40-12,80,94,0.11,205.0,205.47,65.14,571,512,24,5,0,1,2,1,15.631940104166668,25.51607478194212,260.0
C:/FYP/full_dataset/print5/image-26.jpg,2020-10-12T15:04:40-58,80,94,0.11,205.0,205.47,65.14,571,512,25,5,0,1,2,1,15.926695963541668,25.48686103667169,260.0
C:/FYP/full_dataset/print5/image-27.jpg,2020-10-12T15:04:41-05,80,94,0.11,205.0,205.47,65.14,571,512,26,5,0,1,2,1,17.612841796875,27.295101982768102,260.0
C:/FYP/full_dataset/print5/image-28.jpg,2020-10-12T15:04:41-51,80,94,0.11,205.0,205.47,65.14,571,512,27,5,0,1,2,1,18.69556966145833,28.320039603300646,260.0
C:/FYP/full_dataset/print5/image-29.jpg,2020-10-12T15:04:41-98,80,94,0.11,205.0,205.86,65.05,571,512,28,5,0,1,2,1,17.166184895833332,23.98837350822228,260.0
C:/FYP/full_dataset/print5/image-30.jpg,2020-10-12T15:04:42-44,80,94,0.11,205.0,205.86,65.05,571,512,29,5,0,1,2,1,18.01806966145833,24.50756119341117,260.0
C:/FYP/full_dataset/print5/image-31.jpg,2020-10-12T15:04:42-91,80,94,0.11,205.0,205.86,65.05,571,512,30,5,0,1,2,1,16.727574869791667,21.66932595959604,260.0
C:/FYP/full_dataset/print5/image-32.jpg,2020-10-12T15:04:43-37,80,94,0.11,205.0,205.86,65.05,571,512,31,5,0,1,2,1,17.116116536458332,22.44437677573165,260.0
C:/FYP/full_dataset/print5/image-33.jpg,2020-10-12T15:04:43-84,80,94,0.11,205.0,205.66,64.97,571,512,32,5,0,1,2,1,17.712548828125,23.14329552339429,260.0
C:/FYP/full_dataset/print5/image-34.jpg,2020-10-12T15:04:44-30,80,94,0.11,205.0,205.66,64.97,571,512,33,5,0,1,2,1,19.13550130208333,25.204072661378568,260.0
C:/FYP/full_dataset/print5/image-35.jpg,2020-10-12T15:04:44-77,80,94,0.11,205.0,205.66,64.97,571,512,34,5,0,1,2,1,19.050387369791668,27.43917391521516,260.0